,loss,accuracy,recall,precision,AUROC,AUPRC,f1_score,balanced_accuracy,specificity,miss_rate,fall_out,mcc,true_positives_over_total,false_positives_over_total,true_negatives_over_total,false_negatives_over_total,negative_predictive_value,false_discovery_rate,false_omission_rate,prevalence_threshold,threat_score,fowlkes_mallows_index,informedness,markedness,positive_likelyhood_ratio,negative_likelyhood_ratio,DOR,run_type,model_name,task,holdout_number
0,0.3540959358215332,0.8182318806648254,0.3568492829799652,0.5901389718055725,0.8607245683670044,0.549139142036438,0.4447587728500366,0.6466651558876038,0.9364809989929199,0.6431507468223572,0.06351901590824127,0.3594476580619812,0.07279986143112183,0.05056067183613777,0.7454320192337036,0.1312074512243271,0.8503290414810181,0.4098609983921051,0.14967092871665955,0.2967154383659363,0.2859741449356079,0.6466651558876038,0.458901584148407,0.4404680132865906,5.617982864379883,0.6867738366127014,1.8301761150360107,train,tuned_FFNN,promoters,0
1,0.35259947180747986,0.8154377341270447,0.3581943213939667,0.5768470764160156,0.8629821538925171,0.5410631895065308,0.4419555068016052,0.6454200148582458,0.9326457381248474,0.6418057084083557,0.06735425442457199,0.35236236453056335,0.07308404892683029,0.05361165478825569,0.7423536777496338,0.13095059990882874,0.8500515818595886,0.423152893781662,0.14994841814041138,0.30247175693511963,0.2836603820323944,0.6454200148582458,0.454558402299881,0.42689865827560425,5.318057537078857,0.6881558299064636,1.8202378749847412,test,tuned_FFNN,promoters,0
0,0.3389795422554016,0.8236884474754333,0.6183669567108154,0.561653733253479,0.8695653676986694,0.537726640701294,0.5886474847793579,0.7473388910293579,0.8763108849525452,0.38163304328918457,0.12368913739919662,0.47766923904418945,0.12615138292312622,0.09845564514398575,0.6975370645523071,0.07785592973232269,0.8995916247367859,0.4383462369441986,0.10040834546089172,0.3090305030345917,0.41708043217658997,0.7473388910293579,0.5893285274505615,0.4612453579902649,4.999359607696533,0.43549954891204834,2.9578702449798584,train,FFNN,promoters,0
1,0.3403452932834625,0.8207438588142395,0.6278213858604431,0.5535366535186768,0.8682427406311035,0.5328044295310974,0.5883435010910034,0.7490091323852539,0.8701968193054199,0.3721786141395569,0.1298031508922577,0.4758848547935486,0.1280973106622696,0.10331881791353226,0.6926465630531311,0.07593733072280884,0.9011983871459961,0.44646334648132324,0.0988016128540039,0.31257274746894836,0.41677525639533997,0.7490091323852539,0.5895100831985474,0.45473504066467285,4.836715221405029,0.427694708108902,2.984208106994629,test,FFNN,promoters,0
0,0.37462326884269714,0.8164547681808472,0.32317036390304565,0.5918436050415039,0.8519721627235413,0.5410106182098389,0.4180620610713959,0.6330251693725586,0.9428800344467163,0.6768296360969543,0.0571199469268322,0.34076276421546936,0.065929114818573,0.045467060059309006,0.7505256533622742,0.13807819783687592,0.844612181186676,0.4081563949584961,0.15538780391216278,0.2959803640842438,0.2642720937728882,0.6330251693725586,0.43734005093574524,0.43645578622817993,5.657739639282227,0.717832088470459,1.724982500076294,train,tuned_FFNN,promoters,1
1,0.3762020766735077,0.8137357831001282,0.31084397435188293,0.5814594030380249,0.8532443046569824,0.5291951298713684,0.40511590242385864,0.6267445683479309,0.9426451325416565,0.6891560554504395,0.0573548823595047,0.3276984393596649,0.06342293322086334,0.04565250128507614,0.750312864780426,0.1406117081642151,0.8421732783317566,0.4185406267642975,0.1578267216682434,0.30047911405563354,0.2540096342563629,0.6267445683479309,0.4251389801502228,0.4236326813697815,5.419650554656982,0.7310873866081238,1.6791300773620605,test,tuned_FFNN,promoters,1
0,0.33803775906562805,0.8235132098197937,0.6521685719490051,0.557677149772644,0.8720793724060059,0.5541988015174866,0.6012328863143921,0.7597981095314026,0.8674276471138,0.3478314280509949,0.13257236778736115,0.4912676215171814,0.1330471634864807,0.1055266335606575,0.690466046333313,0.0709601491689682,0.9068062901496887,0.44232282042503357,0.09319373220205307,0.3107559382915497,0.4298305809497833,0.7597981095314026,0.6030750274658203,0.46448343992233276,4.919336318969727,0.4009917974472046,3.163163900375366,train,FFNN,promoters,1
1,0.3394148349761963,0.8213445544242859,0.6440137624740601,0.5534471869468689,0.8698558807373047,0.5417282581329346,0.5953055620193481,0.7554073333740234,0.866800844669342,0.35598626732826233,0.13319917023181915,0.48379242420196533,0.13140110671520233,0.1060219258069992,0.6899434328079224,0.0726335272192955,0.9047525525093079,0.4465528130531311,0.09524746984243393,0.3126116096973419,0.42379721999168396,0.7554073333740234,0.5970155596733093,0.45819973945617676,4.834964275360107,0.41068974137306213,3.0884287357330322,test,FFNN,promoters,1
0,0.3557277023792267,0.8141394853591919,0.29433777928352356,0.5890007615089417,0.8599547147750854,0.5421324968338013,0.3925226032733917,0.6208493709564209,0.9473609924316406,0.7056622505187988,0.05263902619481087,0.3218940496444702,0.06004705652594566,0.041900280863046646,0.7540923953056335,0.14396025240421295,0.8396973013877869,0.41099926829338074,0.16030268371105194,0.2972065210342407,0.2441854476928711,0.6208493709564209,0.4163714349269867,0.4286980628967285,5.591616153717041,0.7448714375495911,1.6374739408493042,train,tuned_FFNN,promoters,2
1,0.3593035936355591,0.8160884976387024,0.300785094499588,0.5980488061904907,0.8577367067337036,0.5421434640884399,0.40026119351387024,0.6244822144508362,0.9481793642044067,0.6992149353027344,0.05182063952088356,0.33062514662742615,0.06137057766318321,0.04124743491411209,0.7547179460525513,0.14266405999660492,0.8410218954086304,0.40195122361183167,0.15897807478904724,0.29332196712493896,0.25020408630371094,0.6244822144508362,0.4241275489330292,0.4390707015991211,5.804337978363037,0.7374289035797119,1.6629894971847534,test,tuned_FFNN,promoters,2
0,0.338004469871521,0.8265042901039124,0.5505797266960144,0.5785843133926392,0.8724015951156616,0.552485466003418,0.564234733581543,0.7239007949829102,0.8972218036651611,0.4494202733039856,0.10277817398309708,0.45622768998146057,0.11232228577136993,0.08181067556142807,0.7141820192337036,0.09168501943349838,0.886228084564209,0.42141568660736084,0.11377190053462982,0.3017033338546753,0.39298537373542786,0.7239007949829102,0.5644083619117737,0.46481239795684814,5.356966018676758,0.500901997089386,2.6218860149383545,train,FFNN,promoters,2
1,0.34416890144348145,0.8242979645729065,0.5498037338256836,0.5722675919532776,0.8680412173271179,0.5503168106079102,0.5608108043670654,0.7222322225570679,0.8946607112884521,0.4501962661743164,0.10533928871154785,0.45118916034698486,0.11217900365591049,0.08384642004966736,0.712118923664093,0.09185563027858734,0.8857480883598328,0.4277323782444,0.11425191164016724,0.30445173382759094,0.38967135548591614,0.7222322225570679,0.5609232187271118,0.45801568031311035,5.219355583190918,0.503203272819519,2.6001291275024414,test,FFNN,promoters,2
0,0.3519830107688904,0.8115363717079163,0.6722286939620972,0.5300377011299133,0.8556496500968933,0.5075879096984863,0.5927248001098633,0.7597342729568481,0.8472399115562439,0.32777130603790283,0.1527600884437561,0.4779936671257019,0.13713957369327545,0.12159591168165207,0.6743967533111572,0.06686773896217346,0.9097923636436462,0.4699622690677643,0.09020766615867615,0.3228150010108948,0.4211861491203308,0.7597342729568481,0.5969141721725464,0.43983006477355957,4.400548934936523,0.3868694603443146,3.162058115005493,train,tuned_FFNN,promoters,3
1,0.3543192744255066,0.8087300658226013,0.6680569052696228,0.5245617628097534,0.8528034090995789,0.5026068687438965,0.5876767039299011,0.7564232349395752,0.8447896242141724,0.3319430947303772,0.15521036088466644,0.4712657630443573,0.1363067477941513,0.12354207038879395,0.6724233031272888,0.06772788614034653,0.9084945321083069,0.47543826699256897,0.09150547534227371,0.32523950934410095,0.41610634326934814,0.7564232349395752,0.5919772982597351,0.4330562949180603,4.304200172424316,0.3929298222064972,3.1054816246032715,test,tuned_FFNN,promoters,3
0,0.3512535095214844,0.8238636255264282,0.45034047961235046,0.5894018411636353,0.8657457828521729,0.5666368007659912,0.5105717182159424,0.6849677562713623,0.9195950031280518,0.5496595501899719,0.08040501177310944,0.410971999168396,0.09187274426221848,0.06400179862976074,0.7319908738136292,0.11213456094264984,0.8671588897705078,0.41059815883636475,0.1328411102294922,0.2970334589481354,0.34279710054397583,0.6849677562713623,0.5152004361152649,0.45656073093414307,5.600893974304199,0.5977190732955933,2.1742775440216064,train,FFNN,promoters,3
1,0.35325613617897034,0.8234469890594482,0.44308143854141235,0.5896180272102356,0.8633913993835449,0.5655649900436401,0.5059531927108765,0.6820149421691895,0.9209483861923218,0.5569185614585876,0.07905162870883942,0.40716421604156494,0.0904039666056633,0.06292235851287842,0.7330430150032043,0.11363067477941513,0.8657916784286499,0.4103819727897644,0.13420835137367249,0.296957790851593,0.33864617347717285,0.6820149421691895,0.5111250281333923,0.4554097056388855,5.604956150054932,0.604722797870636,2.144801139831543,test,FFNN,promoters,3
0,0.36878177523612976,0.8007609248161316,0.055027298629283905,0.634819507598877,0.8560031652450562,0.5394726991653442,0.10127582401037216,0.5234572291374207,0.9918871521949768,0.9449726939201355,0.008112824521958828,0.14344049990177155,0.011225971393287182,0.006457749288529158,0.7895349264144897,0.19278134405612946,0.8037481904029846,0.36518046259880066,0.1962517946958542,0.2774403989315033,0.05333888158202171,0.5234572291374207,0.18690212070941925,0.4385676980018616,6.7826714515686035,0.9527016878128052,1.0984474420547485,train,tuned_FFNN,promoters,4
1,0.37127062678337097,0.801021158695221,0.05544651672244072,0.6438746452331543,0.8528702855110168,0.5328531265258789,0.10210074484348297,0.5237926840782166,0.9921388626098633,0.9445534944534302,0.007861141115427017,0.14595983922481537,0.01131301000714302,0.006257195957005024,0.789708137512207,0.1927216351032257,0.8038316369056702,0.3561253547668457,0.19616834819316864,0.2735377550125122,0.053796716034412384,0.5237926840782166,0.18894603848457336,0.44770628213882446,7.053150653839111,0.9520374536514282,1.0999256372451782,test,tuned_FFNN,promoters,4
0,0.3380843698978424,0.8247271776199341,0.43935954570770264,0.5954439640045166,0.8732252717018127,0.5674165487289429,0.5056302547454834,0.6814268827438354,0.9234941601753235,0.5606404542922974,0.07650582492351532,0.4089052379131317,0.0896325558423996,0.0608980767428875,0.7350946068763733,0.11437474936246872,0.8653573989868164,0.4045560359954834,0.1346425861120224,0.2944276034832001,0.3383568823337555,0.6814268827438354,0.5114821791648865,0.460801362991333,5.742817401885986,0.6070860028266907,2.1389963626861572,train,FFNN,promoters,4
1,0.3444763123989105,0.8222455978393555,0.431550532579422,0.5877046585083008,0.8682910799980164,0.5519696474075317,0.4976658523082733,0.6769726872444153,0.9223948121070862,0.5684494376182556,0.07760518044233322,0.3996613621711731,0.08805125951766968,0.06177103519439697,0.7341943383216858,0.11598338186740875,0.8635774850845337,0.4122953414916992,0.1364225149154663,0.29778334498405457,0.3312617838382721,0.6769726872444153,0.5036112070083618,0.4512821435928345,5.560840129852295,0.6162755489349365,2.0957131385803223,test,FFNN,promoters,4
0,0.3606471121311188,0.8115238547325134,0.2567940652370453,0.5870144367218018,0.8542303442955017,0.5314415097236633,0.3572891652584076,0.6052455902099609,0.953697144985199,0.7432059645652771,0.04630284756422043,0.29752230644226074,0.052387867122888565,0.03685672953724861,0.7591359615325928,0.15161944925785065,0.8335233926773071,0.41298556327819824,0.16647657752037048,0.29806357622146606,0.2174997329711914,0.6052455902099609,0.388254851102829,0.4205378293991089,5.545955181121826,0.779289186000824,1.5332204103469849,train,tuned_FFNN,promoters,5
1,0.36064454913139343,0.8096310496330261,0.24803729355335236,0.578044593334198,0.8540736436843872,0.5198649168014526,0.34712445735931396,0.600812554359436,0.9535878300666809,0.7519627213478088,0.04641217365860939,0.28748124837875366,0.05060819908976555,0.036942481994628906,0.7590228915214539,0.15342643857002258,0.8318520784378052,0.421955406665802,0.16814790666103363,0.3019541800022125,0.21001246571540833,0.600812554359436,0.37865105271339417,0.4098966717720032,5.344217777252197,0.7885614633560181,1.5050885677337646,test,tuned_FFNN,promoters,5
0,0.3479166030883789,0.8251777291297913,0.45193547010421753,0.5940170884132385,0.8649264574050903,0.5723365545272827,0.513326108455658,0.686386227607727,0.9208370447158813,0.5480645298957825,0.07916293293237686,0.414844810962677,0.09219814091920853,0.06301311403512955,0.7329795956611633,0.11180917173624039,0.8676483631134033,0.4059829115867615,0.13235163688659668,0.2950429916381836,0.34528496861457825,0.686386227607727,0.5181287527084351,0.46166545152664185,5.708920955657959,0.5951807498931885,2.1886355876922607,train,FFNN,promoters,5
1,0.35004255175590515,0.8229463696479797,0.44308143854141235,0.587699294090271,0.8634801506996155,0.5617005825042725,0.5052455067634583,0.6817004680633545,0.9203194975852966,0.5569185614585876,0.07968052476644516,0.4059189558029175,0.0904039666056633,0.06342293322086334,0.7325423955917358,0.11363067477941513,0.8657122850418091,0.4123006761074066,0.1342877447605133,0.2977856397628784,0.33801236748695374,0.6817004680633545,0.5102927088737488,0.4534115791320801,5.560717582702637,0.6051360368728638,2.1416945457458496,test,FFNN,promoters,5
0,0.3562884032726288,0.8135887980461121,0.2513342797756195,0.6035650968551636,0.8596312999725342,0.5419009923934937,0.35488760471343994,0.6045124530792236,0.9576906561851501,0.7486657500267029,0.04230932518839836,0.30211126804351807,0.051274027675390244,0.03367791324853897,0.7623147964477539,0.15273328125476837,0.833087146282196,0.39643487334251404,0.16691285371780396,0.2909264862537384,0.21572241187095642,0.6045124530792236,0.3894824683666229,0.4366522431373596,5.940384864807129,0.7817406058311462,1.5285245180130005,train,tuned_FFNN,promoters,6
1,0.3568931519985199,0.813585638999939,0.24165849387645721,0.6087762713432312,0.8591907620429993,0.5449913144111633,0.3459782302379608,0.6009248495101929,0.9601911902427673,0.7583414912223816,0.03980881720781326,0.2981560230255127,0.04930670186877251,0.031686440110206604,0.7642789483070374,0.15472793579101562,0.8316357135772705,0.3912237286567688,0.1683642864227295,0.2886972427368164,0.20917391777038574,0.6009248495101929,0.383556991815567,0.4404119849205017,6.070461273193359,0.7897816896438599,1.5057934522628784,test,tuned_FFNN,promoters,6
0,0.3541422188282013,0.8239887952804565,0.418624609708786,0.5980194807052612,0.8657946586608887,0.5707134008407593,0.49249422550201416,0.6732527017593384,0.9278807640075684,0.5813753604888916,0.07211923599243164,0.39909011125564575,0.0854024812579155,0.057406388223171234,0.7385863065719604,0.11860482394695282,0.8616355061531067,0.40198054909706116,0.1383645087480545,0.29331713914871216,0.3266947567462921,0.6732527017593384,0.5003455281257629,0.4596549868583679,5.804610252380371,0.6265624761581421,2.0604686737060547,train,FFNN,promoters,6
1,0.36014771461486816,0.8204435110092163,0.40210992097854614,0.587665855884552,0.8616031408309937,0.5531397461891174,0.4774945378303528,0.6648937463760376,0.9276775121688843,0.5978900790214539,0.07232249528169632,0.38346561789512634,0.08204434812068939,0.05756619945168495,0.7383991479873657,0.12199028581380844,0.8582150340080261,0.4123341739177704,0.14178496599197388,0.2978000342845917,0.31362417340278625,0.6648937463760376,0.48611342906951904,0.4458808898925781,5.559948921203613,0.6445019841194153,1.9841276407241821,test,FFNN,promoters,6
0,0.5057831406593323,0.7960427403450012,0.00036807559081353247,0.75,0.4983762800693512,0.20326589047908783,0.0007357900612987578,0.5001683235168457,0.9999685287475586,0.999631941318512,3.144505899399519e-05,0.013557882979512215,7.50901090214029e-05,2.5030036340467632e-05,0.7959676384925842,0.20393222570419312,0.7960473895072937,0.25,0.2039526402950287,0.22614145278930664,0.0003680304216686636,0.5001683235168457,0.01661495491862297,0.5460473895072937,11.668248176574707,0.9996632933616638,1.0006734132766724,train,tuned_FFNN,promoters,7
1,0.506087064743042,0.7959153056144714,0.0,0.0,0.49724847078323364,0.200632244348526,0.0,0.499968558549881,0.999937117099762,1.0,6.288912845775485e-05,-0.0035822063218802214,0.0,5.005756611353718e-05,0.7959153056144714,0.20403464138507843,0.7959551215171814,0.9999998807907104,0.20404484868049622,1.0018993616104126,0.0,0.499968558549881,0.0,-0.2040448784828186,0.0,1.0000628232955933,0.9998741745948792,test,tuned_FFNN,promoters,7
0,0.349560022354126,0.8219112753868103,0.3385068476200104,0.6155047416687012,0.8690244555473328,0.5738741755485535,0.4367925226688385,0.642155647277832,0.9458044171333313,0.661493182182312,0.05419555678963661,0.3630131483078003,0.06905786693096161,0.0431392677128315,0.7528534531593323,0.1349494457244873,0.847996175289154,0.38449525833129883,0.15200383961200714,0.28577911853790283,0.2794207036495209,0.642155647277832,0.4564565420150757,0.4635009169578552,6.24601411819458,0.6993973255157471,1.7945107221603394,train,FFNN,promoters,7
1,0.3531465530395508,0.8201431632041931,0.33022570610046387,0.6093254685401917,0.8657680749893188,0.5601521134376526,0.42832139134407043,0.6379761695861816,0.9457266926765442,0.6697742938995361,0.05427331477403641,0.3546062111854553,0.0673774853348732,0.043199680745601654,0.7527656555175781,0.13665714859962463,0.8463529944419861,0.39067450165748596,0.15364700555801392,0.2884605824947357,0.27252480387687683,0.6379761695861816,0.4485698938369751,0.45567846298217773,6.084483623504639,0.7082111835479736,1.7622489929199219,test,FFNN,promoters,7
0,0.39023441076278687,0.7996095418930054,0.04551868140697479,0.6209204792976379,0.8462746739387512,0.5272624492645264,0.08481938391923904,0.5191981792449951,0.992877721786499,0.954481303691864,0.007122305687516928,0.12747938930988312,0.009286143817007542,0.005669303238391876,0.7903233766555786,0.19472116231918335,0.802322506904602,0.3790794909000397,0.19767752289772034,0.28344225883483887,0.04428793117403984,0.5191981792449951,0.1681174635887146,0.42324298620224,6.390913963317871,0.9613280296325684,1.0798588991165161,train,tuned_FFNN,promoters,8
1,0.3921312987804413,0.7988186478614807,0.043915603309869766,0.594684362411499,0.843845009803772,0.5214898586273193,0.08179118484258652,0.5181215405464172,0.9923275113105774,0.9560843706130981,0.007672473322600126,0.11989562213420868,0.008960304781794548,0.006107022985816002,0.789858341217041,0.19507433474063873,0.801941454410553,0.4053156077861786,0.19805854558944702,0.29477226734161377,0.0426393523812294,0.5181215405464172,0.16160421073436737,0.396625816822052,5.72371244430542,0.9634765386581421,1.0752121210098267,test,tuned_FFNN,promoters,8
0,0.33956000208854675,0.8219738602638245,0.6454818844795227,0.5547237396240234,0.8681148290634155,0.5328307747840881,0.5966712832450867,0.7563446760177612,0.8672075271606445,0.3545181155204773,0.13279247283935547,0.4855707287788391,0.13168302178382874,0.10570184141397476,0.6902908682823181,0.07232429087162018,0.9051628112792969,0.44527626037597656,0.09483720362186432,0.3120388090610504,0.42518284916877747,0.7563446760177612,0.5983845591545105,0.4598865509033203,4.860827922821045,0.40880417823791504,3.1041579246520996,train,FFNN,promoters,8
1,0.34613537788391113,0.8167392611503601,0.6356722116470337,0.5435284376144409,0.862531304359436,0.5213595032691956,0.5860002040863037,0.7494127750396729,0.8631532788276672,0.3643277585506439,0.13684673607349396,0.4716184437274933,0.12969915568828583,0.10892526060342789,0.6870400905609131,0.0743354856967926,0.9023668766021729,0.4564715623855591,0.09763313829898834,0.3169310986995697,0.41442736983299255,0.7494127750396729,0.5877975225448608,0.44589531421661377,4.64513635635376,0.42208924889564514,2.9906256198883057,test,FFNN,promoters,8
0,0.34029653668403625,0.8288821578025818,0.46058523654937744,0.6060703992843628,0.8729276061058044,0.5823636054992676,0.5234062075614929,0.6919296383857727,0.923274040222168,0.5394147634506226,0.07672593742609024,0.42737987637519836,0.09396275877952576,0.061073288321495056,0.7349194288253784,0.11004455387592316,0.8697642087936401,0.3939296007156372,0.13023579120635986,0.2898465692996979,0.35446861386299133,0.6919296383857727,0.5283437371253967,0.47583460807800293,6.002985000610352,0.5842411518096924,2.24601149559021,train,tuned_FFNN,promoters,9
1,0.34698930382728577,0.8189417719841003,0.4416094124317169,0.5730658769607544,0.8654945492744446,0.555635392665863,0.4988222122192383,0.6786375641822815,0.9156656861305237,0.5583905577659607,0.08433432132005692,0.39552927017211914,0.0901036188006401,0.06712719798088074,0.7288381457328796,0.11393102258443832,0.864813506603241,0.4269340932369232,0.13518650829792023,0.30410638451576233,0.3322872519493103,0.6786375641822815,0.5030618906021118,0.43787938356399536,5.23640775680542,0.6098191738128662,2.111751079559326,test,tuned_FFNN,promoters,9
0,0.3388340175151825,0.8235883116722107,0.49457088112831116,0.579208254814148,0.871801495552063,0.5544617772102356,0.533553957939148,0.7012420296669006,0.9079131484031677,0.5054290890693665,0.09208685159683228,0.4276297688484192,0.10089607536792755,0.07330045849084854,0.7226922512054443,0.10311122983694077,0.8751382827758789,0.42079171538352966,0.1248617097735405,0.3014337718486786,0.3638415038585663,0.7012420296669006,0.535219132900238,0.45434653759002686,5.370694637298584,0.5566931366920471,2.3471906185150146,train,FFNN,promoters,9
1,0.3435274064540863,0.8189918398857117,0.4811089336872101,0.5664355754852295,0.8668730854988098,0.5399881601333618,0.5202971696853638,0.6933561563491821,0.9056034088134766,0.5188910961151123,0.09439657628536224,0.41173189878463745,0.09816288948059082,0.07513640820980072,0.7208289504051208,0.10587175190448761,0.8719345927238464,0.4335644245147705,0.12806539237499237,0.3069760799407959,0.35162273049354553,0.6933561563491821,0.5220317840576172,0.4383701682090759,5.096672534942627,0.5729781985282898,2.2611119747161865,test,FFNN,promoters,9
0,0.35017359256744385,0.819358229637146,0.3885651230812073,0.5864272117614746,0.8640700578689575,0.5529146194458008,0.4674193859100342,0.6591663360595703,0.9297674894332886,0.6114348769187927,0.07023253291845322,0.3751859664916992,0.0792701244354248,0.055904585868120193,0.7400881052017212,0.12473718822002411,0.8557660579681396,0.4135728180408478,0.14423397183418274,0.29831692576408386,0.30498844385147095,0.6591663360595703,0.47735223174095154,0.44219326972961426,5.532544136047363,0.6576212048530579,1.933982014656067,train,tuned_FFNN,promoters,10
1,0.3569665849208832,0.8149872422218323,0.37046122550964355,0.5719696879386902,0.8576390743255615,0.5412671566009521,0.4496724307537079,0.6496982574462891,0.9289352893829346,0.6295387744903564,0.07106471061706543,0.3562764525413513,0.07558692246675491,0.0565650500357151,0.739400327205658,0.12844771146774292,0.8519928455352783,0.4280303120613098,0.14800715446472168,0.30458056926727295,0.2900499403476715,0.6496982574462891,0.4603179097175598,0.4239625334739685,5.213005542755127,0.6776992082595825,1.8546814918518066,test,tuned_FFNN,promoters,10
0,0.3388238847255707,0.8242140412330627,0.6556039452552795,0.5589727759361267,0.8695808053016663,0.5452067852020264,0.6034443974494934,0.7615157961845398,0.8674276471138,0.34439605474472046,0.13257236778736115,0.4940182864665985,0.13374799489974976,0.1055266335606575,0.690466046333313,0.07025931030511856,0.9076417088508606,0.4410272538661957,0.0923583135008812,0.31019356846809387,0.4320947825908661,0.7615157961845398,0.6053633093833923,0.4666144847869873,4.945249557495117,0.39703139662742615,3.1931490898132324,train,FFNN,promoters,10
1,0.34816861152648926,0.816989541053772,0.6388616561889648,0.5438596606254578,0.861437201499939,0.5255433320999146,0.5875450968742371,0.7507559061050415,0.8626501560211182,0.36113837361335754,0.13734985888004303,0.4734441936016083,0.13034990429878235,0.10932572185993195,0.6866396069526672,0.07368473708629608,0.9030877351760864,0.45614033937454224,0.09691224247217178,0.31678664684295654,0.4159744381904602,0.7507559061050415,0.5894498229026794,0.4469473958015442,4.651341915130615,0.4186382293701172,3.0121302604675293,test,FFNN,promoters,10
0,0.34682410955429077,0.7961178421974182,0.0007361511816270649,0.8571428656578064,0.8622174263000488,0.5232701897621155,0.0014710389077663422,0.5003523230552673,0.9999685287475586,0.9992638230323792,3.144505899399519e-05,0.021455751731991768,0.0001501802180428058,2.5030036340467632e-05,0.7959676384925842,0.20385712385177612,0.7961071729660034,0.1428571492433548,0.20389285683631897,0.17131632566452026,0.0007360608433373272,0.5003523230552673,0.025119449943304062,0.6532500386238098,23.336496353149414,0.999295175075531,1.0014102458953857,train,tuned_FFNN,promoters,11
1,0.3515341877937317,0.7959653735160828,0.0004906771355308592,0.5,0.8576833009719849,0.5135794878005981,0.0009803922148421407,0.5001824498176575,0.9998742341995239,0.999509334564209,0.0001257782569155097,0.010393221862614155,0.00010011513222707435,0.00010011513222707435,0.7958652377128601,0.20393452048301697,0.7960246205329895,0.5,0.2039753645658493,0.3360099792480469,0.000490436505060643,0.5001824498176575,0.015663286671042442,0.2960246205329895,3.898029327392578,0.9996349215507507,1.0007299184799194,test,tuned_FFNN,promoters,11
0,0.3369766175746918,0.825365424156189,0.48377400636672974,0.5874115228652954,0.8739278316497803,0.5614404678344727,0.5305792689323425,0.6983434557914734,0.912912905216217,0.5162259936332703,0.08708708733320236,0.4275573790073395,0.09869343042373657,0.0693206861615181,0.7266719937324524,0.10531387478113174,0.8734186887741089,0.4125884473323822,0.1265813261270523,0.2978922426700592,0.3610805869102478,0.6983434557914734,0.5330801010131836,0.4608302116394043,5.5550537109375,0.5654711723327637,2.315027952194214,train,FFNN,promoters,11
1,0.34345221519470215,0.8219452500343323,0.4762021601200104,0.5771632194519043,0.8679567575454712,0.5501019358634949,0.5218443274497986,0.6933869123458862,0.9105716347694397,0.523797869682312,0.08942833542823792,0.41656792163848877,0.09716173261404037,0.07118185609579086,0.7247834801673889,0.10687290132045746,0.871493935585022,0.4228367507457733,0.12850607931613922,0.30233511328697205,0.3530374765396118,0.6933869123458862,0.5242578983306885,0.44865715503692627,5.324952602386475,0.5752406120300293,2.2614388465881348,test,FFNN,promoters,11
0,0.3492419719696045,0.8200715780258179,0.35697197914123535,0.5990323424339294,0.8644391894340515,0.556980311870575,0.44735729694366455,0.6478663682937622,0.9387607574462891,0.6430280208587646,0.061239250004291534,0.36467722058296204,0.0728248879313469,0.04874599352478981,0.7472466826438904,0.13118241727352142,0.8506624698638916,0.40096768736839294,0.1493375152349472,0.29288050532341003,0.2881263494491577,0.6478663682937622,0.46242594718933105,0.44969481229782104,5.829127311706543,0.6849753260612488,1.8398306369781494,train,tuned_FFNN,promoters,12
1,0.353676438331604,0.8185913562774658,0.3508341610431671,0.5938538312911987,0.8607285618782043,0.5536885261535645,0.4410857558250427,0.6446642875671387,0.9384944438934326,0.6491658687591553,0.06150556728243828,0.35811200737953186,0.07158231735229492,0.04895630106329918,0.7470090389251709,0.1324523240327835,0.8493938446044922,0.40614616870880127,0.1506061851978302,0.2951308488845825,0.2829442024230957,0.6446642875671387,0.4564473628997803,0.4432476758956909,5.704094886779785,0.6917097568511963,1.814239740371704,test,tuned_FFNN,promoters,12
0,0.33753710985183716,0.826604425907135,0.5434635877609253,0.5800811648368835,0.8731776475906372,0.5540680289268494,0.5611757040023804,0.7213175296783447,0.8991714119911194,0.4565364122390747,0.10082858055830002,0.45364898443222046,0.11087054759263992,0.080258809030056,0.7157338857650757,0.09313676506280899,0.8848558068275452,0.41991880536079407,0.11514420062303543,0.3010566830635071,0.39002376794815063,0.7213175296783447,0.5614739656448364,0.4649369716644287,5.389970302581787,0.5077300667762756,2.5883126258850098,train,FFNN,promoters,12
1,0.341932088136673,0.8271011710166931,0.5446516275405884,0.5814562439918518,0.8701719045639038,0.5537855625152588,0.562452495098114,0.7220773696899414,0.8995031714439392,0.4553483724594116,0.1004968211054802,0.4552379548549652,0.11112779378890991,0.07999198883771896,0.7159733772277832,0.09290684014558792,0.8851414322853088,0.4185437262058258,0.11485859006643295,0.30048060417175293,0.3912583589553833,0.7220773696899414,0.5627531409263611,0.46659767627716064,5.419585227966309,0.5062220096588135,2.598123788833618,test,FFNN,promoters,12
0,0.3489145040512085,0.8166549801826477,0.3260536193847656,0.5919367671012878,0.864472508430481,0.5493291020393372,0.4204905033111572,0.6342231035232544,0.9423926472663879,0.6739463806152344,0.057607345283031464,0.3425229489803314,0.06651732325553894,0.04585502669215202,0.7501376867294312,0.13748998939990997,0.8451039791107178,0.40806326270103455,0.15489602088928223,0.295940101146698,0.26621589064598083,0.6342231035232544,0.4393211901187897,0.4370407462120056,5.659921646118164,0.7151438593864441,1.733906865119934,train,tuned_FFNN,promoters,13
1,0.35198214650154114,0.8195925354957581,0.33954858779907227,0.602787435054779,0.8627718687057495,0.5468093752861023,0.4344004988670349,0.641096830368042,0.9426451325416565,0.6604514122009277,0.0573548823595047,0.3565638065338135,0.06927967071533203,0.04565250128507614,0.750312864780426,0.1347549706697464,0.8477461934089661,0.39721253514289856,0.15225383639335632,0.2912790775299072,0.27746590971946716,0.641096830368042,0.45241090655326843,0.4505336284637451,5.92012357711792,0.7006362080574036,1.7862666845321655,test,tuned_FFNN,promoters,13
0,0.3412230312824249,0.8218111991882324,0.5957916975021362,0.559414803981781,0.8674335479736328,0.5380989909172058,0.5770304799079895,0.7377650737762451,0.8797383904457092,0.40420833230018616,0.12026162445545197,0.464672714471817,0.12154585868120193,0.09572736918926239,0.7002653479576111,0.08246145397424698,0.8946484923362732,0.4405852258205414,0.1053515151143074,0.3100017011165619,0.4055114686489105,0.7377650737762451,0.5773168206214905,0.4540632963180542,4.954125881195068,0.4594641923904419,2.813373565673828,train,FFNN,promoters,13
1,0.3484058976173401,0.8187916278839111,0.5897939205169678,0.5523896813392639,0.8617368340492249,0.5286433100700378,0.5704793334007263,0.7336429357528687,0.8774920105934143,0.4102060794830322,0.12250801920890808,0.45620232820510864,0.12033838778734207,0.0975121408700943,0.6984532475471497,0.08369625359773636,0.8929920196533203,0.4476102888584137,0.10700800269842148,0.31307145953178406,0.3990703821182251,0.7336429357528687,0.5707854628562927,0.44538170099258423,4.814325332641602,0.4674755036830902,2.7543585300445557,test,FFNN,promoters,13
0,0.3730055093765259,0.8096840977668762,0.2166738212108612,0.5916247963905334,0.8505587577819824,0.5279194116592407,0.31718379259109497,0.5891711711883545,0.9616684913635254,0.7833261489868164,0.0383315235376358,0.2733323276042938,0.04420304298400879,0.030511613935232162,0.7654810547828674,0.15980426967144012,0.8272919058799744,0.40837520360946655,0.17270809412002563,0.29607445001602173,0.18848390877246857,0.5891711711883545,0.35803577303886414,0.4189167022705078,5.652612686157227,0.8145489692687988,1.4341036081314087,train,tuned_FFNN,promoters,14
1,0.3737381100654602,0.8078290224075317,0.21270853281021118,0.5791583061218262,0.8506270051002502,0.5239232182502747,0.31114301085472107,0.5865441560745239,0.9603798389434814,0.7872914671897888,0.03962014988064766,0.2649325728416443,0.043399911373853683,0.03153626620769501,0.7644290924072266,0.16063472628593445,0.8263528347015381,0.42084169387817383,0.1736471801996231,0.30147308111190796,0.1842328906059265,0.5865441560745239,0.350987046957016,0.40551114082336426,5.368682384490967,0.8197708129882812,1.418637990951538,test,tuned_FFNN,promoters,14
0,0.341200590133667,0.8209601640701294,0.6314949989318848,0.5536492466926575,0.8669309616088867,0.5298611521720886,0.5900154709815979,0.7505068778991699,0.8695187568664551,0.36850500106811523,0.1304812729358673,0.477806031703949,0.12882959842681885,0.10386213660240173,0.6921305656433105,0.07517771422863007,0.9020240902900696,0.4463507831096649,0.09797589480876923,0.3125057518482208,0.4184552729129791,0.7505068778991699,0.5912924408912659,0.45567333698272705,4.839732646942139,0.42380332946777344,3.0081257820129395,train,FFNN,promoters,14
1,0.34702783823013306,0.8180407285690308,0.619234561920166,0.5478619337081909,0.862769365310669,0.523083508014679,0.5813658833503723,0.7441182136535645,0.8690019249916077,0.38076546788215637,0.13099804520606995,0.46710389852523804,0.12634529173374176,0.10426990687847137,0.6916954517364502,0.07768934220075607,0.8990240693092346,0.4521380364894867,0.10097593069076538,0.3150421380996704,0.4098067879676819,0.7441182136535645,0.5824560523033142,0.44688600301742554,4.727048397064209,0.4381640553474426,2.9080543518066406,test,FFNN,promoters,14
0,0.36254116892814636,0.8053539395332336,0.12483897060155869,0.612582802772522,0.8539174795150757,0.5308261513710022,0.20740966498851776,0.5523020625114441,0.9797651171684265,0.8751610517501831,0.02023489400744438,0.21116957068443298,0.02546806074678898,0.016106829047203064,0.7798858880996704,0.1785392463207245,0.8137159943580627,0.3874172270298004,0.18628397583961487,0.2870386242866516,0.11570388823747635,0.5523020625114441,0.27653968334198,0.4262987971305847,6.169458866119385,0.893235445022583,1.233648657798767,train,tuned_FFNN,promoters,15
1,0.3644644320011139,0.8062772154808044,0.13002943992614746,0.620608925819397,0.8525864481925964,0.5335520505905151,0.2150101363658905,0.5548266768455505,0.9796239137649536,0.8699705600738525,0.02037607692182064,0.21844612061977386,0.026530509814620018,0.016218651086091995,0.7797467112541199,0.17750413715839386,0.814568817615509,0.3793911039829254,0.18543115258216858,0.2835944890975952,0.12045454233884811,0.5548266768455505,0.2840729355812073,0.435177743434906,6.381443977355957,0.888065755367279,1.2463159561157227,test,tuned_FFNN,promoters,15
0,0.33781465888023376,0.826679527759552,0.5706398487091064,0.5759038925170898,0.8720253705978394,0.545944333076477,0.5732597708702087,0.7314702272415161,0.8923006653785706,0.42936015129089355,0.10769931972026825,0.46452710032463074,0.11641469597816467,0.08572787046432495,0.7102648019790649,0.08759260922670364,0.8902152180671692,0.42409607768058777,0.10978478938341141,0.30286169052124023,0.4017969071865082,0.7314702272415161,0.573265790939331,0.46611911058425903,5.2984490394592285,0.4811832010746002,2.7239818572998047,train,FFNN,promoters,15
1,0.34764808416366577,0.8230465054512024,0.5686947703361511,0.5660561919212341,0.8648801445960999,0.540176510810852,0.5673724412918091,0.7284703850746155,0.8882459998130798,0.4313051998615265,0.11175397783517838,0.45615214109420776,0.11603343486785889,0.08895229548215866,0.7070130705833435,0.08800119906663895,0.8893086314201355,0.43394383788108826,0.11069134622812271,0.30714040994644165,0.39603620767593384,0.7284703850746155,0.5673739314079285,0.45536482334136963,5.088805675506592,0.48556947708129883,2.6828391551971436,test,FFNN,promoters,15
0,0.36503854393959045,0.8108354806900024,0.22661186754703522,0.5956143140792847,0.852325439453125,0.5345571637153625,0.3283117711544037,0.5935899019241333,0.9605678915977478,0.773388147354126,0.0394321009516716,0.2819027304649353,0.04623047634959221,0.03138766437768936,0.7646050453186035,0.1577768325805664,0.8289462924003601,0.40438568592071533,0.1710537075996399,0.29435405135154724,0.19639533758163452,0.5935899019241333,0.3673870861530304,0.4245606064796448,5.746873378753662,0.8051362633705139,1.4605684280395508,train,tuned_FFNN,promoters,16
1,0.3668545186519623,0.8096811175346375,0.2360157072544098,0.5830302834510803,0.8489059805870056,0.5267338752746582,0.3360111713409424,0.596373975276947,0.9567322731018066,0.7639843225479126,0.04326771944761276,0.2821834087371826,0.04815537855029106,0.034439604729413986,0.7615257501602173,0.15587925910949707,0.8300867676734924,0.4169696867465973,0.16991324722766876,0.2998008728027344,0.2019311487674713,0.596373975276947,0.3709505498409271,0.41311705112457275,5.454762935638428,0.7985350489616394,1.4775407314300537,test,tuned_FFNN,promoters,16
0,0.3370457887649536,0.8241764903068542,0.6410649418830872,0.5603818297386169,0.8707613348960876,0.5390554666519165,0.598014235496521,0.7560858130455017,0.8711066842079163,0.35893502831459045,0.12889328598976135,0.48794519901275635,0.13078193366527557,0.10259811580181122,0.6933946013450623,0.07322537153959274,0.9044828414916992,0.43961820006370544,0.09551717340946198,0.3095822036266327,0.426548033952713,0.7560858130455017,0.5993673205375671,0.46486467123031616,4.973606109619141,0.41204479336738586,3.099802255630493,train,FFNN,promoters,16
1,0.3485887944698334,0.8152375221252441,0.6381255984306335,0.539962649345398,0.8601043820381165,0.5185402631759644,0.5849544405937195,0.7493816614151001,0.8606377243995667,0.36187437176704407,0.13936230540275574,0.46987882256507874,0.13019973039627075,0.11092756688594818,0.6850377917289734,0.07383491098880768,0.9027044773101807,0.46003738045692444,0.09729551523923874,0.31848791241645813,0.41338208317756653,0.7493816614151001,0.5869957208633423,0.4426671266555786,4.578893184661865,0.42047229409217834,2.9901301860809326,test,FFNN,promoters,16
0,0.3551151156425476,0.8174058794975281,0.38163304328918457,0.5797222852706909,0.8591384887695312,0.5402992963790894,0.4602693021297455,0.6553622484207153,0.9290913939476013,0.6183669567108154,0.07090860605239868,0.3672255873680115,0.07785592973232269,0.056442730128765106,0.7395499348640442,0.12615138292312622,0.8542783856391907,0.4202777147293091,0.14572159945964813,0.3012116849422455,0.298928439617157,0.6553622484207153,0.4703628122806549,0.4340006709098816,5.382033824920654,0.6655608415603638,1.9015969038009644,train,tuned_FFNN,promoters,17
1,0.3601689040660858,0.8138859868049622,0.3763493597507477,0.5660516619682312,0.8544247150421143,0.5291370153427124,0.4521072804927826,0.6511958837509155,0.926042377948761,0.6236506104469299,0.07395761460065842,0.35588210821151733,0.07678830623626709,0.058867696672677994,0.7370976805686951,0.12724633514881134,0.8527827858924866,0.4339483380317688,0.14721722900867462,0.30714231729507446,0.29207921028137207,0.6511958837509155,0.4615551829338074,0.4188344478607178,5.088710308074951,0.6734578609466553,1.8669383525848389,test,tuned_FFNN,promoters,17
0,0.3368584215641022,0.8244393467903137,0.6076314449310303,0.5648058652877808,0.8730406761169434,0.5517829656600952,0.5854364633560181,0.7438185214996338,0.8800056576728821,0.3923685550689697,0.11999434232711792,0.47477471828460693,0.12396125495433807,0.09551461786031723,0.7004780769348145,0.08004605770111084,0.8974457383155823,0.4351941645145416,0.10255423188209534,0.3076641857624054,0.4138636887073517,0.7438185214996338,0.5858274698257446,0.46225160360336304,5.0638298988342285,0.44587042927742004,2.903482437133789,train,FFNN,promoters,17
1,0.3470885455608368,0.8186414241790771,0.6003434658050537,0.551002025604248,0.8640544414520264,0.5345271229743958,0.574615478515625,0.7374712824821472,0.8745990991592407,0.3996565341949463,0.12540091574192047,0.4603205621242523,0.12249086797237396,0.09981478750705719,0.6961506009101868,0.08154377341270447,0.8951467275619507,0.44899797439575195,0.10485324263572693,0.3136751055717468,0.4031301438808441,0.7374712824821472,0.5751438736915588,0.44614875316619873,4.787388801574707,0.45695963501930237,2.8091063499450684,test,FFNN,promoters,17
0,0.36347755789756775,0.8018121719360352,0.07073185592889786,0.6262900829315186,0.856558084487915,0.5334482192993164,0.1271083652973175,0.5299573540687561,0.9891828894615173,0.9292681217193604,0.01081709936261177,0.16092747449874878,0.014429816044867039,0.008610332384705544,0.7873823642730713,0.18957749009132385,0.8059515953063965,0.37370994687080383,0.19404838979244232,0.281125545501709,0.06786744296550751,0.5299573540687561,0.2104724645614624,0.43224167823791504,6.538832664489746,0.9394299387931824,1.1274665594100952,train,tuned_FFNN,promoters,18
1,0.36516073346138,0.8025729656219482,0.07237488031387329,0.6441047787666321,0.8540382385253906,0.5353932976722717,0.1301279217004776,0.5310620069503784,0.9897490739822388,0.9276251196861267,0.01025092788040638,0.1672733724117279,0.014766981825232506,0.008159383200109005,0.78780597448349,0.18926766514778137,0.8062912821769714,0.35589519143104553,0.19370868802070618,0.27343788743019104,0.06959188729524612,0.5310620069503784,0.21590971946716309,0.4503960609436035,7.060256004333496,0.937232494354248,1.132477879524231,test,tuned_FFNN,promoters,18
0,0.3487131595611572,0.8250650763511658,0.4630390703678131,0.5909339785575867,0.8663754463195801,0.5684307217597961,0.5192267894744873,0.6904444098472595,0.9178497791290283,0.5369608998298645,0.08215021342039108,0.41882845759391785,0.09446335583925247,0.06539096683263779,0.7306017279624939,0.10954394936561584,0.8696131706237793,0.40906599164009094,0.1303868591785431,0.2963726222515106,0.3506457209587097,0.6904444098472595,0.5230922698974609,0.46054714918136597,5.636486053466797,0.5850203633308411,2.2304375171661377,train,FFNN,promoters,18
1,0.35337764024734497,0.8197927474975586,0.44823357462882996,0.5748898386955261,0.8618869781494141,0.5519568920135498,0.503722071647644,0.6816352009773254,0.9150367975234985,0.5517664551734924,0.08496320992708206,0.40025854110717773,0.09145517647266388,0.06762777268886566,0.7283375859260559,0.11257946491241455,0.8661229610443115,0.4251101315021515,0.1338770091533661,0.30331772565841675,0.3366500735282898,0.6816352009773254,0.5076267719268799,0.44101279973983765,5.275613784790039,0.6029990911483765,2.141050100326538,test,FFNN,promoters,18
0,0.35154521465301514,0.8193081617355347,0.3674621284008026,0.5920727252960205,0.8623089790344238,0.5495510697364807,0.45347869396209717,0.6512876152992249,0.9351131319999695,0.6325379014015198,0.06488687545061111,0.3666622042655945,0.07496495544910431,0.05164948105812073,0.7443432211875916,0.1290423572063446,0.8522503972053528,0.4079272449016571,0.14774958789348602,0.295881450176239,0.2932249903678894,0.6512876152992249,0.4664378762245178,0.4443231225013733,5.663111209869385,0.6764292120933533,1.867692470550537,train,tuned_FFNN,promoters,19
1,0.35727614164352417,0.8172898888587952,0.34764474630355835,0.5884551405906677,0.8566938638687134,0.5426672697067261,0.4370758831501007,0.6426607966423035,0.9376768469810486,0.6523552536964417,0.06232312321662903,0.35315245389938354,0.0709315687417984,0.0496070496737957,0.746358335018158,0.13310307264328003,0.8486538529396057,0.4115448594093323,0.1513461172580719,0.29745954275131226,0.2796526551246643,0.6426607966423035,0.4522978365421295,0.43710899353027344,5.5780930519104,0.6957142949104309,1.7984613180160522,test,tuned_FFNN,promoters,19
0,0.3398151397705078,0.8274429440498352,0.49849703907966614,0.5914549827575684,0.873286247253418,0.5736038684844971,0.5410119891166687,0.705123245716095,0.9117494225502014,0.5015029907226562,0.0882505550980568,0.4381260573863983,0.10169703513383865,0.07024679332971573,0.7257459163665771,0.10231027007102966,0.8764452338218689,0.40854501724243164,0.12355475127696991,0.296147882938385,0.37081319093704224,0.705123245716095,0.5429903864860535,0.46790021657943726,5.648650169372559,0.5500447154045105,2.391246795654297,train,FFNN,promoters,19
1,0.3481995761394501,0.8216449022293091,0.47448480129241943,0.5764530301094055,0.8658289909362793,0.549441397190094,0.5205221176147461,0.6925597190856934,0.9106345772743225,0.5255151987075806,0.08936544507741928,0.4151802957057953,0.09681133180856705,0.07113180309534073,0.7248335480690002,0.10722330957651138,0.8711346387863159,0.4235469400882721,0.12886536121368408,0.30264195799827576,0.35182827711105347,0.6925597190856934,0.5229896903038025,0.44758766889572144,5.309482574462891,0.5770867466926575,2.2526636123657227,test,FFNN,promoters,19
0,0.3522080183029175,0.8200465440750122,0.3555610179901123,0.5993795394897461,0.8618848323822021,0.5572136044502258,0.4463439881801605,0.6473259925842285,0.9390909075737,0.6444389820098877,0.060909077525138855,0.3640561103820801,0.07253704220056534,0.04848317801952362,0.7475095391273499,0.13147026300430298,0.850428581237793,0.4006204903125763,0.14957143366336823,0.29273074865341187,0.28728625178337097,0.6473259925842285,0.46164488792419434,0.44980812072753906,5.837560653686523,0.6862369775772095,1.8354793787002563,train,tuned_FFNN,promoters,20
1,0.353663831949234,0.8154377341270447,0.3400392532348633,0.5816197991371155,0.8600515127182007,0.5403468012809753,0.42916861176490784,0.6386693716049194,0.9372995495796204,0.6599607467651367,0.06270045787096024,0.344822496175766,0.0693797841668129,0.049907393753528595,0.7460579872131348,0.13465484976768494,0.8471069931983948,0.4183802008628845,0.1528930366039276,0.3004099726676941,0.27321112155914307,0.6386693716049194,0.4447174072265625,0.42872679233551025,5.423225402832031,0.7041085958480835,1.7675482034683228,test,tuned_FFNN,promoters,20
0,0.3378475606441498,0.8253529071807861,0.5273296236991882,0.5790112018585205,0.8721832036972046,0.5496364831924438,0.5519632697105408,0.7145318984985352,0.9017341732978821,0.47267037630081177,0.09826580435037613,0.44454193115234375,0.10757909715175629,0.07821886241436005,0.7177738547325134,0.09642821550369263,0.8815672397613525,0.4209888279438019,0.11843278259038925,0.301518976688385,0.38118043541908264,0.7145318984985352,0.5525665283203125,0.46057844161987305,5.366353988647461,0.524179220199585,2.5030181407928467,train,FFNN,promoters,20
1,0.34185877442359924,0.8217950463294983,0.5115309357643127,0.5706075429916382,0.86878901720047,0.5429302453994751,0.5394566655158997,0.7064289450645447,0.9013269543647766,0.48846909403800964,0.09867303818464279,0.43037357926368713,0.10437002778053284,0.07854031771421432,0.7174250483512878,0.0996646136045456,0.8780248761177063,0.4293924570083618,0.1219751238822937,0.305169939994812,0.36935341358184814,0.7064289450645447,0.5402623414993286,0.4486324191093445,5.18409538269043,0.5419443249702454,2.406329870223999,test,FFNN,promoters,20
0,0.35546329617500305,0.7959926724433899,0.0,0.0,0.8527700901031494,0.5014752745628357,0.0,0.5,1.0,1.0,0.0,0.0,0.0,0.0,0.7959926724433899,0.2040073126554489,0.7959926724433899,0.0,0.2040073126554489,0.0,0.0,0.5,0.0,-0.2040073275566101,0.0,0.9999998807907104,0.9999998807907104,train,tuned_FFNN,promoters,21
1,0.3561634123325348,0.7959653735160828,0.0,0.0,0.8503627777099609,0.49437445402145386,0.0,0.5,1.0,1.0,0.0,0.0,0.0,0.0,0.7959653735160828,0.20403464138507843,0.7959653735160828,0.0,0.20403464138507843,0.0,0.0,0.5,0.0,-0.20403462648391724,0.0,0.9999998807907104,0.9999998807907104,test,tuned_FFNN,promoters,21
0,0.34931787848472595,0.8251151442527771,0.3880743384361267,0.6126876473426819,0.867374062538147,0.574925422668457,0.4751746356487274,0.6625999808311462,0.9371256232261658,0.6119256615638733,0.06287439167499542,0.3906719982624054,0.07917000353336334,0.050047557801008224,0.745945155620575,0.12483730167150497,0.8566377758979797,0.3873123526573181,0.14336222410202026,0.28699377179145813,0.3116256296634674,0.6625999808311462,0.4876149594783783,0.4693254232406616,6.172206878662109,0.6529814004898071,1.9638406038284302,train,FFNN,promoters,21
1,0.3523051142692566,0.821895182132721,0.3765946924686432,0.6014890074729919,0.8648764491081238,0.5608867406845093,0.46318647265434265,0.6563182473182678,0.9360417723655701,0.6234052777290344,0.06395824253559113,0.3774350583553314,0.07683836668729782,0.050908543169498444,0.7450568079948425,0.1271962821483612,0.8541750311851501,0.39851096272468567,0.14582496881484985,0.29183876514434814,0.3013940751552582,0.6563182473182678,0.475938618183136,0.4556640386581421,5.888124942779541,0.6660014986991882,1.909668207168579,test,FFNN,promoters,21
0,0.3582742512226105,0.8141770362854004,0.2593705952167511,0.6037412285804749,0.856514036655426,0.5407658219337463,0.3628561496734619,0.6078702807426453,0.9563699960708618,0.7406294345855713,0.04363001883029938,0.30744609236717224,0.052913494408130646,0.03472917526960373,0.7612634897232056,0.15109381079673767,0.8343918323516846,0.39625874161720276,0.16560815274715424,0.2908504903316498,0.2216397523880005,0.6078702807426453,0.395717978477478,0.4381330609321594,5.944760322570801,0.7744171619415283,1.5501762628555298,train,tuned_FFNN,promoters,22
1,0.36582261323928833,0.8122841119766235,0.25245338678359985,0.5941108465194702,0.8499616384506226,0.5295534133911133,0.3543388545513153,0.604121208190918,0.9557889699935913,0.7475466132164001,0.04421105608344078,0.29823076725006104,0.05150923505425453,0.03519047051668167,0.7607749104499817,0.1525254100561142,0.8329953551292419,0.4058891534805298,0.16700465977191925,0.2950197458267212,0.2153170108795166,0.604121208190918,0.38727936148643494,0.42710620164871216,5.710173606872559,0.7821250557899475,1.5260252952575684,test,tuned_FFNN,promoters,22
0,0.3503662645816803,0.8228749632835388,0.3501012325286865,0.615907609462738,0.8673505187034607,0.572395920753479,0.4464348554611206,0.6470723748207092,0.9440435171127319,0.6498987674713135,0.05595647916197777,0.3702044188976288,0.07142321020364761,0.044540949165821075,0.7514517307281494,0.1325840950012207,0.8500240445137024,0.38409239053726196,0.1499759405851364,0.2856053411960602,0.2873615324497223,0.6470723748207092,0.4643597900867462,0.46593165397644043,6.256659030914307,0.6884202361106873,1.8334418535232544,train,FFNN,promoters,22
1,0.35839247703552246,0.817540168762207,0.3309617340564728,0.5950595736503601,0.8587328195571899,0.551792323589325,0.42535078525543213,0.6366147398948669,0.9422677755355835,0.6690382957458496,0.05773221701383591,0.34715378284454346,0.0675276592373848,0.045952845364809036,0.7500125169754028,0.13650698959827423,0.8460192084312439,0.4049404561519623,0.1539808064699173,0.2946108877658844,0.2701241374015808,0.6366147398948669,0.44378140568733215,0.441078782081604,5.732694625854492,0.7100298404693604,1.7518999576568604,test,FFNN,promoters,22
0,0.38329988718032837,0.8163671493530273,0.35525429248809814,0.5817761421203613,0.8510199785232544,0.5353792905807495,0.4411350190639496,0.6449006795883179,0.9345471262931824,0.6447457075119019,0.06545288860797882,0.35363373160362244,0.07247447222471237,0.05210002139210701,0.7438926696777344,0.13153283298015594,0.8497498035430908,0.4182238280773163,0.15025018155574799,0.3003247380256653,0.28298476338386536,0.6449006795883179,0.45461902022361755,0.43152594566345215,5.42762565612793,0.6899016499519348,1.8161133527755737,train,tuned_FFNN,promoters,23
1,0.3865319788455963,0.8138859868049622,0.3633464276790619,0.5687404274940491,0.849157452583313,0.5260424613952637,0.4434131681919098,0.6463609933853149,0.9293755292892456,0.6366536021232605,0.07062448561191559,0.35036978125572205,0.07413525879383087,0.05621464550495148,0.7397507429122925,0.12989938259124756,0.8506302833557129,0.4312596023082733,0.1493697166442871,0.3059779703617096,0.2848624587059021,0.6463609933853149,0.45458748936653137,0.41937071084976196,5.144758701324463,0.6850336790084839,1.8277418613433838,test,tuned_FFNN,promoters,23
0,0.33810147643089294,0.8265793919563293,0.5219311714172363,0.5838594436645508,0.8713737726211548,0.5472120046615601,0.5511612296104431,0.7132948637008667,0.9046585559844971,0.47806882858276367,0.09534141421318054,0.4451780617237091,0.1064777746796608,0.07589107006788254,0.7201015949249268,0.09752953797578812,0.8807169795036316,0.4161405563354492,0.1192830502986908,0.29942530393600464,0.38041582703590393,0.7132948637008667,0.5520275831222534,0.4645764231681824,5.474332809448242,0.5284521579742432,2.4879038333892822,train,FFNN,promoters,23
1,0.3437986969947815,0.821094274520874,0.517173707485199,0.5675821304321289,0.8662283420562744,0.5360234379768372,0.5412066578865051,0.7080868482589722,0.8990000486373901,0.482826292514801,0.10099993646144867,0.4311046600341797,0.10552135109901428,0.08039245009422302,0.7155728936195374,0.09851329028606415,0.8789891004562378,0.4324178695678711,0.12101088464260101,0.3064795732498169,0.3709961175918579,0.7080868482589722,0.5417919754981995,0.4465712308883667,5.120530128479004,0.5370702743530273,2.4256763458251953,test,FFNN,promoters,23
0,0.35237887501716614,0.8180941939353943,0.4097294509410858,0.5761732459068298,0.859485924243927,0.5469498038291931,0.4789015054702759,0.6662423610687256,0.922755241394043,0.5902705192565918,0.07724478095769882,0.3804432153701782,0.08358780294656754,0.06148628517985344,0.7345064282417297,0.12041950225830078,0.8591462969779968,0.42382678389549255,0.14085373282432556,0.30274513363838196,0.314839243888855,0.6662423610687256,0.4858756363391876,0.43531954288482666,5.304292678833008,0.6396825909614563,1.9961857795715332,train,tuned_FFNN,promoters,24
1,0.3531559705734253,0.81563800573349,0.405544638633728,0.5674562454223633,0.8590875864028931,0.5379112958908081,0.4730290472507477,0.6631521582603455,0.9207596778869629,0.594455361366272,0.07924029976129532,0.3725988268852234,0.08274515718221664,0.06307253241539001,0.7328928112983704,0.12128948420286179,0.858005166053772,0.4325437545776367,0.14199484884738922,0.3065340518951416,0.30978259444236755,0.6631521582603455,0.4797174632549286,0.42546141147613525,5.117902755737305,0.645613968372345,1.9686992168426514,test,tuned_FFNN,promoters,24
0,0.33875778317451477,0.8238886594772339,0.6293479204177856,0.56093829870224,0.8693487644195557,0.5369111895561218,0.5931771993637085,0.7515479922294617,0.8737480640411377,0.37065210938453674,0.12625190615653992,0.48256808519363403,0.1283915638923645,0.1004955917596817,0.6954970955848694,0.07561574131250381,0.9019394516944885,0.4390617311000824,0.09806054085493088,0.30934083461761475,0.4216431677341461,0.7515479922294617,0.5941593647003174,0.4628777503967285,4.984854698181152,0.4242092967033386,3.024921417236328,train,FFNN,promoters,24
1,0.3452175259590149,0.8194423317909241,0.6157997846603394,0.5515271425247192,0.8644516468048096,0.5271382331848145,0.581894040107727,0.7437215447425842,0.8716433048248291,0.38420018553733826,0.1283567100763321,0.4683528542518616,0.1256444901227951,0.10216749459505081,0.6937978863716125,0.07839015126228333,0.8984830975532532,0.44847285747528076,0.10151691734790802,0.31344667077064514,0.4103318750858307,0.7437215447425842,0.5827780961990356,0.4500102400779724,4.797562122344971,0.4407767951488495,2.9020049571990967,test,FFNN,promoters,24
0,0.19472548365592957,0.9431342482566833,0.0031228314619511366,0.6000000238418579,0.7363126277923584,0.2394147664308548,0.006213324144482613,0.5014985799789429,0.9998743534088135,0.9968771934509277,0.00012566497025545686,0.040350571274757385,0.0001777672441676259,0.0001185114961117506,0.9429564476013184,0.056747253984212875,0.9432359337806702,0.4000000059604645,0.05676407366991043,0.16706828773021698,0.003116343403235078,0.5014985799789429,0.043286245316267014,0.5432359576225281,24.8306941986084,0.997002363204956,1.006012201309204,train,tuned_FFNN,enhancers,0
1,0.19711659848690033,0.9431934952735901,0.002773925196379423,1.0,0.7246308326721191,0.21856023371219635,0.005532503593713045,0.5013869404792786,1.0,0.9972260594367981,0.0,0.05115000531077385,0.0001580153329996392,0.0,0.9430354833602905,0.05680650845170021,0.943184494972229,0.0,0.056815486401319504,0.0,0.002773925196379423,0.5013869404792786,0.05266806483268738,0.943184494972229,27739.251953125,0.9972259402275085,1.0055631399154663,test,tuned_FFNN,enhancers,0
0,0.18281443417072296,0.9431737661361694,0.00173490634188056,1.0,0.7827017307281494,0.2519635558128357,0.0034638033248484135,0.5008674263954163,1.0,0.9982650876045227,0.0,0.04045131057500839,9.87595776678063e-05,0.0,0.9430750012397766,0.056826263666152954,0.9431681036949158,0.0,0.05683187395334244,0.0,0.00173490634188056,0.5008674263954163,0.04165220633149147,0.9431681036949158,17349.0625,0.9982649683952332,1.0034756660461426,train,FFNN,enhancers,0
1,0.19125649333000183,0.9430354833602905,0.0,0.0,0.7392702102661133,0.2195788323879242,0.0,0.5,1.0,1.0,0.0,0.0,0.0,0.0,0.9430354833602905,0.05696452409029007,0.9430354833602905,0.0,0.05696452409029007,0.0,0.0,0.5,0.0,-0.05696451663970947,0.0,0.9999998807907104,0.9999998807907104,test,FFNN,enhancers,0
0,0.20605215430259705,0.9430750012397766,0.0,0.0,0.698471188545227,0.1494709551334381,0.0,0.5,1.0,1.0,0.0,0.0,0.0,0.0,0.9430750012397766,0.05692502111196518,0.9430750012397766,0.0,0.05692502111196518,0.0,0.0,0.5,0.0,-0.05692499876022339,0.0,0.9999998807907104,0.9999998807907104,train,tuned_FFNN,enhancers,1
1,0.20522741973400116,0.9430354833602905,0.0,0.0,0.7103128433227539,0.15111422538757324,0.0,0.5,1.0,1.0,0.0,0.0,0.0,0.0,0.9430354833602905,0.05696452409029007,0.9430354833602905,0.0,0.05696452409029007,0.0,0.0,0.5,0.0,-0.05696451663970947,0.0,0.9999998807907104,0.9999998807907104,test,tuned_FFNN,enhancers,1
0,0.18437688052654266,0.9430750012397766,0.0,0.0,0.7766723036766052,0.25249922275543213,0.0,0.5,1.0,1.0,0.0,0.0,0.0,0.0,0.9430750012397766,0.05692502111196518,0.9430750012397766,0.0,0.05692502111196518,0.0,0.0,0.5,0.0,-0.05692499876022339,0.0,0.9999998807907104,0.9999998807907104,train,FFNN,enhancers,1
1,0.18550051748752594,0.9430354833602905,0.0,0.0,0.7744472026824951,0.24360814690589905,0.0,0.5,1.0,1.0,0.0,0.0,0.0,0.0,0.9430354833602905,0.05696452409029007,0.9430354833602905,0.0,0.05696452409029007,0.0,0.0,0.5,0.0,-0.05696451663970947,0.0,0.9999998807907104,0.9999998807907104,test,FFNN,enhancers,1
0,0.1936262547969818,0.9430750012397766,0.0010409437818452716,0.5,0.7335002422332764,0.21027174592018127,0.0020775622688233852,0.5004890561103821,0.9999371767044067,0.9989590644836426,6.283248512772843e-05,0.020818933844566345,5.92557480558753e-05,5.92557480558753e-05,0.9430156946182251,0.056865766644477844,0.9431275129318237,0.5,0.05687250569462776,0.19719481468200684,0.0010398613521829247,0.5004890561103821,0.02281385287642479,0.44312751293182373,16.5406436920166,0.9990217089653015,1.0019580125808716,train,tuned_FFNN,enhancers,2
1,0.19688084721565247,0.942877471446991,0.0,0.0,0.7167203426361084,0.19499504566192627,0.0,0.4999162256717682,0.9998324513435364,1.0,0.0001675603270996362,-0.003089741338044405,0.0,0.0001580153329996392,0.942877471446991,0.05696452409029007,0.9430264830589294,1.0,0.05697352811694145,1.0007120370864868,0.0,0.4999162256717682,0.0,-0.05697351694107056,0.0,1.0001674890518188,0.9996649026870728,test,tuned_FFNN,enhancers,2
0,0.18345460295677185,0.9430750012397766,0.0,0.0,0.7806234359741211,0.25113269686698914,0.0,0.5,1.0,1.0,0.0,0.0,0.0,0.0,0.9430750012397766,0.05692502111196518,0.9430750012397766,0.0,0.05692502111196518,0.0,0.0,0.5,0.0,-0.05692499876022339,0.0,0.9999998807907104,0.9999998807907104,train,FFNN,enhancers,2
1,0.1920057088136673,0.9430354833602905,0.0,0.0,0.7495174407958984,0.21567007899284363,0.0,0.5,1.0,1.0,0.0,0.0,0.0,0.0,0.9430354833602905,0.05696452409029007,0.9430354833602905,0.0,0.05696452409029007,0.0,0.0,0.5,0.0,-0.05696451663970947,0.0,0.9999998807907104,0.9999998807907104,test,FFNN,enhancers,2
0,0.18446126580238342,0.9441613554954529,0.044413600116968155,0.6368159055709839,0.7652177810668945,0.2749693691730499,0.08303600549697876,0.5214423537254333,0.9984710812568665,0.9555863738059998,0.0015289238654077053,0.1580112725496292,0.0025282453279942274,0.0014418899081647396,0.9416331052780151,0.05439677834510803,0.9453864097595215,0.3631840944290161,0.05461360141634941,0.15650098025798798,0.04331641271710396,0.5214423537254333,0.16817635297775269,0.5822023153305054,29.047029495239258,0.9570494890213013,1.0896122455596924,train,tuned_FFNN,enhancers,3
1,0.19093415141105652,0.9431934952735901,0.037447988986968994,0.5192307829856873,0.7436777353286743,0.23226583003997803,0.06985769420862198,0.5176767110824585,0.9979054927825928,0.962552011013031,0.0020945039577782154,0.12810207903385162,0.002133206930011511,0.0019751915242522955,0.9410603046417236,0.05483131855726242,0.9449424743652344,0.48076921701431274,0.05505751818418503,0.19126375019550323,0.03619302809238434,0.5176767110824585,0.13944227993488312,0.46417325735092163,17.878314971923828,0.9645721912384033,1.0732980966567993,test,tuned_FFNN,enhancers,3
0,0.18443450331687927,0.9431144595146179,0.0010409437818452716,0.75,0.7785712480545044,0.24008029699325562,0.0020790020935237408,0.500510036945343,0.9999790787696838,0.9989590644836426,2.0944162315572612e-05,0.026589324697852135,5.92557480558753e-05,1.97519166249549e-05,0.9430552124977112,0.056865766644477844,0.9431297183036804,0.25,0.05687025934457779,0.1241450086236,0.0010405827779322863,0.500510036945343,0.027941148728132248,0.6931297183036804,49.464725494384766,0.9989798665046692,1.0020420551300049,train,FFNN,enhancers,3
1,0.189848855137825,0.9430354833602905,0.0,0.0,0.7575782537460327,0.21423116326332092,0.0,0.5,1.0,1.0,0.0,0.0,0.0,0.0,0.9430354833602905,0.05696452409029007,0.9430354833602905,0.0,0.05696452409029007,0.0,0.0,0.5,0.0,-0.05696451663970947,0.0,0.9999998807907104,0.9999998807907104,test,FFNN,enhancers,3
0,0.193892240524292,0.9430354833602905,0.0013879250036552548,0.4000000059604645,0.7380936145782471,0.2143029272556305,0.0027662517968565226,0.5006311535835266,0.9998743534088135,0.9986120462417603,0.00012566497025545686,0.020811906084418297,7.90076664998196e-05,0.0001185114961117506,0.9429564476013184,0.0568460151553154,0.9431427717208862,0.6000000238418579,0.05685724318027496,0.23126207292079926,0.0013850415125489235,0.5006311535835266,0.023562045767903328,0.3431427776813507,11.035862922668457,0.9987373948097229,1.0025277137756348,train,tuned_FFNN,enhancers,4
1,0.19456984102725983,0.9429564476013184,0.002773925196379423,0.4000000059604645,0.7311090230941772,0.21265293657779694,0.005509641952812672,0.501261293888092,0.9997486472129822,0.9972260594367981,0.00025134047609753907,0.02942240610718727,0.0001580153329996392,0.0002370229922235012,0.9427984356880188,0.05680650845170021,0.9431710243225098,0.6000000238418579,0.05682896077632904,0.231359601020813,0.0027624310459941626,0.501261293888092,0.033310212194919586,0.34317103028297424,11.032135009765625,0.9974766373634338,1.00505793094635,test,tuned_FFNN,enhancers,4
0,0.18205994367599487,0.9430750012397766,0.0,0.0,0.7868020534515381,0.26113584637641907,0.0,0.5,1.0,1.0,0.0,0.0,0.0,0.0,0.9430750012397766,0.05692502111196518,0.9430750012397766,0.0,0.05692502111196518,0.0,0.0,0.5,0.0,-0.05692499876022339,0.0,0.9999998807907104,0.9999998807907104,train,FFNN,enhancers,4
1,0.188348650932312,0.9430354833602905,0.0,0.0,0.7550820112228394,0.24366691708564758,0.0,0.5,1.0,1.0,0.0,0.0,0.0,0.0,0.9430354833602905,0.05696452409029007,0.9430354833602905,0.0,0.05696452409029007,0.0,0.0,0.5,0.0,-0.05696451663970947,0.0,0.9999998807907104,0.9999998807907104,test,FFNN,enhancers,4
0,0.1936587244272232,0.9430354833602905,0.0003469812509138137,0.25,0.7361683249473572,0.21011784672737122,0.0006930006784386933,0.5001420974731445,0.9999371767044067,0.9996530413627625,6.283248512772843e-05,0.007407182827591896,1.97519166249549e-05,5.92557480558753e-05,0.9430156946182251,0.056905269622802734,0.9430902600288391,0.75,0.05690976604819298,0.29833149909973145,0.0003466204507276416,0.5001420974731445,0.009313716553151608,0.1930902600288391,5.513547420501709,0.9997157454490662,1.0005683898925781,train,tuned_FFNN,enhancers,5
1,0.19760841131210327,0.9431144595146179,0.0013869625981897116,1.0,0.7081788778305054,0.1893324851989746,0.002770083025097847,0.5006935000419617,1.0,0.9986130595207214,0.0,0.03616708889603615,7.90076664998196e-05,0.0,0.9430354833602905,0.05688551813364029,0.9431099891662598,0.0,0.056890010833740234,0.0,0.0013869625981897116,0.5006935000419617,0.037241946905851364,0.9431098699569702,13869.6259765625,0.9986129403114319,1.0027776956558228,test,tuned_FFNN,enhancers,5
0,0.22505800426006317,0.9430750012397766,0.0,0.0,0.5004472136497498,0.05804949998855591,0.0,0.5,1.0,1.0,0.0,0.0,0.0,0.0,0.9430750012397766,0.05692502111196518,0.9430750012397766,0.0,0.05692502111196518,0.0,0.0,0.5,0.0,-0.05692499876022339,0.0,0.9999998807907104,0.9999998807907104,train,FFNN,enhancers,5
1,0.22516638040542603,0.9430354833602905,0.0,0.0,0.4999162256717682,0.05689471587538719,0.0,0.5,1.0,1.0,0.0,0.0,0.0,0.0,0.9430354833602905,0.05696452409029007,0.9430354833602905,0.0,0.05696452409029007,0.0,0.0,0.5,0.0,-0.05696451663970947,0.0,0.9999998807907104,0.9999998807907104,test,FFNN,enhancers,5
0,0.19734486937522888,0.9430750012397766,0.0,0.0,0.7413330078125,0.15405628085136414,0.0,0.5,1.0,1.0,0.0,0.0,0.0,0.0,0.9430750012397766,0.05692502111196518,0.9430750012397766,0.0,0.05692502111196518,0.0,0.0,0.5,0.0,-0.05692499876022339,0.0,0.9999998807907104,0.9999998807907104,train,tuned_FFNN,enhancers,6
1,0.19898031651973724,0.9430354833602905,0.0,0.0,0.7271757125854492,0.15333475172519684,0.0,0.5,1.0,1.0,0.0,0.0,0.0,0.0,0.9430354833602905,0.05696452409029007,0.9430354833602905,0.0,0.05696452409029007,0.0,0.0,0.5,0.0,-0.05696451663970947,0.0,0.9999998807907104,0.9999998807907104,test,tuned_FFNN,enhancers,6
0,0.18386557698249817,0.9438453316688538,0.12873004376888275,0.5277382731437683,0.7804491519927979,0.2785501778125763,0.20697350800037384,0.5608882904052734,0.9930465221405029,0.871269941329956,0.006953462027013302,0.2411251962184906,0.007327960804104805,0.006557635962963104,0.9365173578262329,0.049597062170505524,0.9497045278549194,0.4722617268562317,0.05029544234275818,0.18858371675014496,0.1154324859380722,0.5608882904052734,0.26064491271972656,0.47744280099868774,18.512819290161133,0.8773705959320068,1.2773247957229614,train,FFNN,enhancers,6
1,0.18999257683753967,0.9427194595336914,0.12621359527111053,0.48924732208251953,0.7517628073692322,0.26089125871658325,0.2006615251302719,0.5591272115707397,0.9920408725738525,0.8737863898277283,0.007959115318953991,0.22777578234672546,0.007189697585999966,0.007505727931857109,0.9355297684669495,0.04977482929825783,0.949482798576355,0.5107526779174805,0.05051720142364502,0.20071543753147125,0.11151960492134094,0.5591272115707397,0.24849478900432587,0.4387301206588745,15.857542991638184,0.8807966709136963,1.2682279348373413,test,FFNN,enhancers,6
0,0.1987280547618866,0.9430750012397766,0.0,0.0,0.7332815527915955,0.16736799478530884,0.0,0.5,1.0,1.0,0.0,0.0,0.0,0.0,0.9430750012397766,0.05692502111196518,0.9430750012397766,0.0,0.05692502111196518,0.0,0.0,0.5,0.0,-0.05692499876022339,0.0,0.9999998807907104,0.9999998807907104,train,tuned_FFNN,enhancers,7
1,0.20023702085018158,0.9430354833602905,0.0,0.0,0.719813883304596,0.1634698361158371,0.0,0.5,1.0,1.0,0.0,0.0,0.0,0.0,0.9430354833602905,0.05696452409029007,0.9430354833602905,0.0,0.05696452409029007,0.0,0.0,0.5,0.0,-0.05696451663970947,0.0,0.9999998807907104,0.9999998807907104,test,tuned_FFNN,enhancers,7
0,0.18248890340328217,0.9430750012397766,0.0,0.0,0.7872446775436401,0.2601206302642822,0.0,0.5,1.0,1.0,0.0,0.0,0.0,0.0,0.9430750012397766,0.05692502111196518,0.9430750012397766,0.0,0.05692502111196518,0.0,0.0,0.5,0.0,-0.05692499876022339,0.0,0.9999998807907104,0.9999998807907104,train,FFNN,enhancers,7
1,0.18871545791625977,0.9430354833602905,0.0,0.0,0.7519335150718689,0.24728985130786896,0.0,0.5,1.0,1.0,0.0,0.0,0.0,0.0,0.9430354833602905,0.05696452409029007,0.9430354833602905,0.0,0.05696452409029007,0.0,0.0,0.5,0.0,-0.05696451663970947,0.0,0.9999998807907104,0.9999998807907104,test,FFNN,enhancers,7
0,0.21243916451931,0.9430750012397766,0.0,0.0,0.6634582281112671,0.0916062444448471,0.0,0.5,1.0,1.0,0.0,0.0,0.0,0.0,0.9430750012397766,0.05692502111196518,0.9430750012397766,0.0,0.05692502111196518,0.0,0.0,0.5,0.0,-0.05692499876022339,0.0,0.9999998807907104,0.9999998807907104,train,tuned_FFNN,enhancers,8
1,0.21399028599262238,0.9430354833602905,0.0,0.0,0.6500833630561829,0.09010694921016693,0.0,0.5,1.0,1.0,0.0,0.0,0.0,0.0,0.9430354833602905,0.05696452409029007,0.9430354833602905,0.0,0.05696452409029007,0.0,0.0,0.5,0.0,-0.05696451663970947,0.0,0.9999998807907104,0.9999998807907104,test,tuned_FFNN,enhancers,8
0,0.21185852587223053,0.943331778049469,0.056904926896095276,0.5206349492073059,0.7070857882499695,0.23202070593833923,0.10259618610143661,0.5268712043762207,0.9968374371528625,0.9430950880050659,0.0031625686679035425,0.15835684537887573,0.003239314304664731,0.0029825393576174974,0.9400924444198608,0.05368570610880852,0.9459781646728516,0.4793650805950165,0.05402182415127754,0.19077174365520477,0.054071877151727676,0.5268712043762207,0.17212405800819397,0.46661311388015747,17.992692947387695,0.9460870623588562,1.1135891675949097,train,FFNN,enhancers,8
1,0.2121291309595108,0.9430354833602905,0.05409153923392296,0.5,0.704378068447113,0.23141764104366302,0.09762202948331833,0.5254120826721191,0.9967325925827026,0.9459084868431091,0.0032674262765794992,0.15052078664302826,0.0030812988989055157,0.0030812988989055157,0.9399541616439819,0.053883228451013565,0.9457826614379883,0.5,0.054217346012592316,0.1972859650850296,0.051315788179636,0.5254120826721191,0.16445598006248474,0.4457826614379883,16.554279327392578,0.9490091800689697,1.107090950012207,test,FFNN,enhancers,8
0,0.18434812128543854,0.9450106620788574,0.09784871339797974,0.6051502227783203,0.7651169300079346,0.2835526168346405,0.16845877468585968,0.5469974875450134,0.9961462616920471,0.9021512866020203,0.003853725967928767,0.22805511951446533,0.005570040084421635,0.003634352469816804,0.9394406080245972,0.05135498195886612,0.9481679201126099,0.3948497772216797,0.05183206498622894,0.16559264063835144,0.09197651594877243,0.5469974875450134,0.24333755671977997,0.5533181428909302,25.3900203704834,0.9056412577629089,1.2074931859970093,train,tuned_FFNN,enhancers,9
1,0.19197359681129456,0.9426404237747192,0.07489597797393799,0.47787609696388245,0.7440446615219116,0.23368088901042938,0.12949639558792114,0.5349764823913574,0.9950569868087769,0.925104022026062,0.0049430294893682,0.17236369848251343,0.004266413860023022,0.004661452025175095,0.9383740425109863,0.05269811302423477,0.9468271732330322,0.5221238732337952,0.05317283049225807,0.20439237356185913,0.06923077255487442,0.5349764823913574,0.18918509781360626,0.4247032701969147,15.151530265808105,0.9296994209289551,1.1504287719726562,test,tuned_FFNN,enhancers,9
0,0.18338869512081146,0.9430750012397766,0.0,0.0,0.7842943072319031,0.23656299710273743,0.0,0.5,1.0,1.0,0.0,0.0,0.0,0.0,0.9430750012397766,0.05692502111196518,0.9430750012397766,0.0,0.05692502111196518,0.0,0.0,0.5,0.0,-0.05692499876022339,0.0,0.9999998807907104,0.9999998807907104,train,FFNN,enhancers,9
1,0.1902897208929062,0.9430354833602905,0.0,0.0,0.7507398128509521,0.21844449639320374,0.0,0.5,1.0,1.0,0.0,0.0,0.0,0.0,0.9430354833602905,0.05696452409029007,0.9430354833602905,0.0,0.05696452409029007,0.0,0.0,0.5,0.0,-0.05696451663970947,0.0,0.9999998807907104,0.9999998807907104,test,FFNN,enhancers,9
0,0.20246940851211548,0.9430552124977112,0.0,0.0,0.7123336791992188,0.1349799931049347,0.0,0.4999895393848419,0.9999790787696838,1.0,2.0944162315572612e-05,-0.001091911457479,0.0,1.97519166249549e-05,0.9430552124977112,0.05692502111196518,0.9430738687515259,0.9999998807907104,0.056926146149635315,1.0057306289672852,0.0,0.4999895393848419,0.0,-0.05692613124847412,0.0,1.0000208616256714,0.9999579787254333,train,tuned_FFNN,enhancers,10
1,0.20273829996585846,0.9430354833602905,0.0,0.0,0.711084246635437,0.1377638876438141,0.0,0.5,1.0,1.0,0.0,0.0,0.0,0.0,0.9430354833602905,0.05696452409029007,0.9430354833602905,0.0,0.05696452409029007,0.0,0.0,0.5,0.0,-0.05696451663970947,0.0,0.9999998807907104,0.9999998807907104,test,tuned_FFNN,enhancers,10
0,0.1806061714887619,0.9430750012397766,0.0,0.0,0.7891947031021118,0.26854002475738525,0.0,0.5,1.0,1.0,0.0,0.0,0.0,0.0,0.9430750012397766,0.05692502111196518,0.9430750012397766,0.0,0.05692502111196518,0.0,0.0,0.5,0.0,-0.05692499876022339,0.0,0.9999998807907104,0.9999998807907104,train,FFNN,enhancers,10
1,0.18878953158855438,0.9430354833602905,0.0,0.0,0.7516067624092102,0.23741798102855682,0.0,0.5,1.0,1.0,0.0,0.0,0.0,0.0,0.9430354833602905,0.05696452409029007,0.9430354833602905,0.0,0.05696452409029007,0.0,0.0,0.5,0.0,-0.05696451663970947,0.0,0.9999998807907104,0.9999998807907104,test,FFNN,enhancers,10
0,0.19932429492473602,0.9430750012397766,0.0,0.0,0.7167319059371948,0.15759269893169403,0.0,0.5,1.0,1.0,0.0,0.0,0.0,0.0,0.9430750012397766,0.05692502111196518,0.9430750012397766,0.0,0.05692502111196518,0.0,0.0,0.5,0.0,-0.05692499876022339,0.0,0.9999998807907104,0.9999998807907104,train,tuned_FFNN,enhancers,11
1,0.19904166460037231,0.9430354833602905,0.0,0.0,0.7170406579971313,0.15985573828220367,0.0,0.5,1.0,1.0,0.0,0.0,0.0,0.0,0.9430354833602905,0.05696452409029007,0.9430354833602905,0.0,0.05696452409029007,0.0,0.0,0.5,0.0,-0.05696451663970947,0.0,0.9999998807907104,0.9999998807907104,test,tuned_FFNN,enhancers,11
0,0.1830345094203949,0.9438650608062744,0.044413600116968155,0.5925925970077515,0.7805718183517456,0.2658836245536804,0.08263395726680756,0.5212852358818054,0.9981569051742554,0.9555863738059998,0.0018430863274261355,0.15133191645145416,0.0025282453279942274,0.0017381686484441161,0.9413368105888367,0.05439677834510803,0.9453701376914978,0.40740740299224854,0.0546298511326313,0.16923590004444122,0.043097641319036484,0.5212852358818054,0.16223184764385223,0.5379627346992493,24.096099853515625,0.9573507308959961,1.0889265537261963,train,FFNN,enhancers,11
1,0.18448448181152344,0.9432724714279175,0.04854368790984154,0.5223880410194397,0.7746544480323792,0.2578607499599457,0.08883249014616013,0.5229313373565674,0.9973190426826477,0.9514563083648682,0.002680965233594179,0.14648953080177307,0.0027652683202177286,0.0025282453279942274,0.9405072331428528,0.054199256002902985,0.9455122947692871,0.4776119291782379,0.0544876903295517,0.19028693437576294,0.04648074507713318,0.5229313373565674,0.15924397110939026,0.4679003357887268,18.106121063232422,0.9540138840675354,1.0961343050003052,test,FFNN,enhancers,11
0,0.19687683880329132,0.9430354833602905,0.0,0.0,0.720263659954071,0.21039173007011414,0.0,0.49997904896736145,0.9999580979347229,1.0,4.1888324631145224e-05,-0.001544211176224053,0.0,3.95038332499098e-05,0.9430354833602905,0.05692502111196518,0.9430727362632751,1.0,0.05692727118730545,1.0028530359268188,0.0,0.49997904896736145,0.0,-0.056927263736724854,0.0,1.0000418424606323,0.999916136264801,train,tuned_FFNN,enhancers,12
1,0.19739675521850586,0.942877471446991,0.0013869625981897116,0.25,0.7206287384033203,0.19925983250141144,0.002758620772510767,0.5005677938461304,0.9997486472129822,0.9986130595207214,0.00025134047609753907,0.014808262698352337,7.90076664998196e-05,0.0002370229922235012,0.9427984356880188,0.05688551813364029,0.9430965185165405,0.75,0.056903500109910965,0.29856744408607483,0.0013812155229970813,0.5005677938461304,0.018620973452925682,0.19309651851654053,5.5160675048828125,0.9988639950752258,1.002273678779602,test,tuned_FFNN,enhancers,12
0,0.22486434876918793,0.9430750012397766,0.0,0.0,0.5005099773406982,0.05831555649638176,0.0,0.5,1.0,1.0,0.0,0.0,0.0,0.0,0.9430750012397766,0.05692502111196518,0.9430750012397766,0.0,0.05692502111196518,0.0,0.0,0.5,0.0,-0.05692499876022339,0.0,0.9999998807907104,0.9999998807907104,train,FFNN,enhancers,12
1,0.22497719526290894,0.9430354833602905,0.0,0.0,0.4999580979347229,0.05692650377750397,0.0,0.5,1.0,1.0,0.0,0.0,0.0,0.0,0.9430354833602905,0.05696452409029007,0.9430354833602905,0.0,0.05696452409029007,0.0,0.0,0.5,0.0,-0.05696451663970947,0.0,0.9999998807907104,0.9999998807907104,test,FFNN,enhancers,12
0,0.18834799528121948,0.9430750012397766,0.0,0.0,0.7549311518669128,0.23232030868530273,0.0,0.5,1.0,1.0,0.0,0.0,0.0,0.0,0.9430750012397766,0.05692502111196518,0.9430750012397766,0.0,0.05692502111196518,0.0,0.0,0.5,0.0,-0.05692499876022339,0.0,0.9999998807907104,0.9999998807907104,train,tuned_FFNN,enhancers,13
1,0.19003738462924957,0.9430354833602905,0.0,0.0,0.7473206520080566,0.21550635993480682,0.0,0.5,1.0,1.0,0.0,0.0,0.0,0.0,0.9430354833602905,0.05696452409029007,0.9430354833602905,0.0,0.05696452409029007,0.0,0.0,0.5,0.0,-0.05696451663970947,0.0,0.9999998807907104,0.9999998807907104,test,tuned_FFNN,enhancers,13
0,0.18274280428886414,0.943568766117096,0.035739071667194366,0.5690608024597168,0.78191739320755,0.2662777304649353,0.06725432723760605,0.5170527100563049,0.9983663558959961,0.9642609357833862,0.0016336446860805154,0.13239817321300507,0.0020344473887234926,0.0015406494494527578,0.9415343403816223,0.054890573024749756,0.9449124932289124,0.4309392273426056,0.05508751794695854,0.17614026367664337,0.034797295928001404,0.5170527100563049,0.1426103264093399,0.5139732956886292,21.87555503845215,0.9658386707305908,1.0706192255020142,train,FFNN,enhancers,13
1,0.18624982237815857,0.9433515071868896,0.03328710049390793,0.5454545617103577,0.7701247930526733,0.24668176472187042,0.062745101749897,0.515805721282959,0.9983243942260742,0.9667128920555115,0.001675603212788701,0.12448200583457947,0.0018961839377880096,0.0015801532426849008,0.9414553046226501,0.05506834015250206,0.944739580154419,0.4545454680919647,0.055260445922613144,0.18324723839759827,0.03238866478204727,0.515805721282959,0.13474643230438232,0.4901941418647766,19.86455535888672,0.9683353304862976,1.065286636352539,test,FFNN,enhancers,13
0,0.21341435611248016,0.9430750012397766,0.0,0.0,0.6575241088867188,0.08817193657159805,0.0,0.5,1.0,1.0,0.0,0.0,0.0,0.0,0.9430750012397766,0.05692502111196518,0.9430750012397766,0.0,0.05692502111196518,0.0,0.0,0.5,0.0,-0.05692499876022339,0.0,0.9999998807907104,0.9999998807907104,train,tuned_FFNN,enhancers,14
1,0.21356365084648132,0.9430354833602905,0.0,0.0,0.6552547216415405,0.08709574490785599,0.0,0.5,1.0,1.0,0.0,0.0,0.0,0.0,0.9430354833602905,0.05696452409029007,0.9430354833602905,0.0,0.05696452409029007,0.0,0.0,0.5,0.0,-0.05696451663970947,0.0,0.9999998807907104,0.9999998807907104,test,tuned_FFNN,enhancers,14
0,0.22483018040657043,0.9430750012397766,0.0,0.0,0.5,0.05692502111196518,0.0,0.5,1.0,1.0,0.0,0.0,0.0,0.0,0.9430750012397766,0.05692502111196518,0.9430750012397766,0.0,0.05692502111196518,0.0,0.0,0.5,0.0,-0.05692499876022339,0.0,0.9999998807907104,0.9999998807907104,train,FFNN,enhancers,14
1,0.22492332756519318,0.9430354833602905,0.0,0.0,0.5,0.05696452409029007,0.0,0.5,1.0,1.0,0.0,0.0,0.0,0.0,0.9430354833602905,0.05696452409029007,0.9430354833602905,0.0,0.05696452409029007,0.0,0.0,0.5,0.0,-0.05696451663970947,0.0,0.9999998807907104,0.9999998807907104,test,FFNN,enhancers,14
0,0.20169931650161743,0.9430750012397766,0.0,0.0,0.7291308641433716,0.15433578193187714,0.0,0.5,1.0,1.0,0.0,0.0,0.0,0.0,0.9430750012397766,0.05692502111196518,0.9430750012397766,0.0,0.05692502111196518,0.0,0.0,0.5,0.0,-0.05692499876022339,0.0,0.9999998807907104,0.9999998807907104,train,tuned_FFNN,enhancers,15
1,0.20440815389156342,0.9430354833602905,0.0,0.0,0.7062471508979797,0.145514577627182,0.0,0.5,1.0,1.0,0.0,0.0,0.0,0.0,0.9430354833602905,0.05696452409029007,0.9430354833602905,0.0,0.05696452409029007,0.0,0.0,0.5,0.0,-0.05696451663970947,0.0,0.9999998807907104,0.9999998807907104,test,tuned_FFNN,enhancers,15
0,0.22310662269592285,0.943430483341217,0.015961138531565666,0.6216216087341309,0.5298608541488647,0.09755253046751022,0.031123138964176178,0.5076873302459717,0.9994135499000549,0.9840388894081116,0.0005864365375600755,0.09324564039707184,0.000908588117454201,0.0005530536291189492,0.9425219297409058,0.056016433984041214,0.9439015984535217,0.37837839126586914,0.05609842762351036,0.1608497053384781,0.015807559713721275,0.5076873302459717,0.0996081754565239,0.5655232071876526,27.212522506713867,0.984616219997406,1.0312293767929077,train,FFNN,enhancers,15
1,0.22344695031642914,0.943430483341217,0.013869625516235828,0.6666666865348816,0.5250657200813293,0.09307652711868286,0.027173912152647972,0.5067253708839417,0.9995810985565186,0.9861303567886353,0.00041890080319717526,0.0906127318739891,0.0007900766213424504,0.0003950383106712252,0.9426404237747192,0.05617444962263107,0.9437589049339294,0.3333333432674408,0.056241102516651154,0.1480569988489151,0.013774104416370392,0.5067253708839417,0.09615829586982727,0.610425591468811,33.10166931152344,0.9865434765815735,1.0272681713104248,test,FFNN,enhancers,15
0,0.19709080457687378,0.9430750012397766,0.0,0.0,0.7227271795272827,0.15680208802223206,0.0,0.5,1.0,1.0,0.0,0.0,0.0,0.0,0.9430750012397766,0.05692502111196518,0.9430750012397766,0.0,0.05692502111196518,0.0,0.0,0.5,0.0,-0.05692499876022339,0.0,0.9999998807907104,0.9999998807907104,train,tuned_FFNN,enhancers,16
1,0.19576287269592285,0.9430354833602905,0.0,0.0,0.7302119731903076,0.16922613978385925,0.0,0.5,1.0,1.0,0.0,0.0,0.0,0.0,0.9430354833602905,0.05696452409029007,0.9430354833602905,0.0,0.05696452409029007,0.0,0.0,0.5,0.0,-0.05696451663970947,0.0,0.9999998807907104,0.9999998807907104,test,tuned_FFNN,enhancers,16
0,0.22529903054237366,0.9430750012397766,0.0,0.0,0.5001002550125122,0.05733564496040344,0.0,0.5,1.0,1.0,0.0,0.0,0.0,0.0,0.9430750012397766,0.05692502111196518,0.9430750012397766,0.0,0.05692502111196518,0.0,0.0,0.5,0.0,-0.05692499876022339,0.0,0.9999998807907104,0.9999998807907104,train,FFNN,enhancers,16
1,0.22540520131587982,0.9430354833602905,0.0,0.0,0.4997486472129822,0.056784652173519135,0.0,0.5,1.0,1.0,0.0,0.0,0.0,0.0,0.9430354833602905,0.05696452409029007,0.9430354833602905,0.0,0.05696452409029007,0.0,0.0,0.5,0.0,-0.05696451663970947,0.0,0.9999998807907104,0.9999998807907104,test,FFNN,enhancers,16
0,0.19447748363018036,0.9435490369796753,0.017696045339107513,0.6538461446762085,0.7065143585205078,0.22814300656318665,0.03445946052670479,0.5085653066635132,0.9994345307350159,0.9823039770126343,0.0005654923734255135,0.10119963437318802,0.0010073477169498801,0.0005333017325028777,0.9425416588783264,0.05591767281293869,0.9439960718154907,0.3461538553237915,0.056003957986831665,0.15164832770824432,0.017531797289848328,0.5085653066635132,0.1075662150979042,0.5978422164916992,31.287630081176758,0.9828596115112305,1.034858226776123,train,tuned_FFNN,enhancers,17
1,0.19581419229507446,0.942877471446991,0.006934812758117914,0.4166666567325592,0.7017954587936401,0.2133702039718628,0.013642564415931702,0.5031741857528687,0.9994135499000549,0.9930651783943176,0.000586461101192981,0.04780881106853485,0.0003950383106712252,0.0005530536291189492,0.9424824118614197,0.05656948685646057,0.9433768391609192,0.5833333134651184,0.056623172014951706,0.22528360784053802,0.006868131924420595,0.5031741857528687,0.05375412106513977,0.3600434958934784,11.822831153869629,0.9936478137969971,1.0127776861190796,test,tuned_FFNN,enhancers,17
0,0.18269184231758118,0.9436478018760681,0.029840389266610146,0.6013985872268677,0.7845363616943359,0.26237037777900696,0.05685950443148613,0.5143232941627502,0.9988061785697937,0.9701595902442932,0.001193817239254713,0.1250659078359604,0.0016986647387966514,0.0011258592130616307,0.9419491291046143,0.05522635579109192,0.9446172118186951,0.3986014127731323,0.05538278818130493,0.1666778326034546,0.029261654242873192,0.5143232941627502,0.13396255671977997,0.5460157990455627,24.993682861328125,0.9713190793991089,1.0589827299118042,train,FFNN,enhancers,17
1,0.18741445243358612,0.9430354833602905,0.0263522882014513,0.5,0.757731020450592,0.24042734503746033,0.05006587505340576,0.5123802423477173,0.9984081983566284,0.9736477136611938,0.0015918230637907982,0.1048942282795906,0.001501145656220615,0.001501145656220615,0.9415343403816223,0.05546338111162186,0.9443696141242981,0.5,0.0556303970515728,0.1972850263118744,0.02567567490041256,0.5123802423477173,0.11478738486766815,0.4443696141242981,16.55374526977539,0.9751999378204346,1.0507781505584717,test,FFNN,enhancers,17
0,0.21888265013694763,0.9430750012397766,0.0,0.0,0.5051578879356384,0.06078363582491875,0.0,0.5,1.0,1.0,0.0,0.0,0.0,0.0,0.9430750012397766,0.05692502111196518,0.9430750012397766,0.0,0.05692502111196518,0.0,0.0,0.5,0.0,-0.05692499876022339,0.0,0.9999998807907104,0.9999998807907104,train,tuned_FFNN,enhancers,18
1,0.2190903127193451,0.9430354833602905,0.0,0.0,0.49843358993530273,0.05625791475176811,0.0,0.5,1.0,1.0,0.0,0.0,0.0,0.0,0.9430354833602905,0.05696452409029007,0.9430354833602905,0.0,0.05696452409029007,0.0,0.0,0.5,0.0,-0.05696451663970947,0.0,0.9999998807907104,0.9999998807907104,test,tuned_FFNN,enhancers,18
0,0.20868276059627533,0.9439045786857605,0.07286606729030609,0.5555555820465088,0.714889407157898,0.2501887381076813,0.12883435189723969,0.5346736907958984,0.9964813590049744,0.9271339178085327,0.003518619341775775,0.18665173649787903,0.0041479021310806274,0.003318321891129017,0.9397566318511963,0.05277711898088455,0.9468258619308472,0.4444444477558136,0.053174130618572235,0.18015828728675842,0.06885246187448502,0.5346736907958984,0.20119927823543549,0.502381443977356,20.70812225341797,0.9304075837135315,1.1490296125411987,train,FFNN,enhancers,18
1,0.20945174992084503,0.942877471446991,0.0651872381567955,0.4895833432674408,0.7219570875167847,0.24017605185508728,0.11505507677793503,0.5305410027503967,0.9958947896957397,0.9348127841949463,0.004105227999389172,0.16317839920520782,0.0037133602891117334,0.003871375462040305,0.9391641020774841,0.05325116589665413,0.946341872215271,0.5104166865348816,0.053658146411180496,0.20060694217681885,0.06103895977139473,0.5305410027503967,0.1786465346813202,0.4359252154827118,15.878691673278809,0.9386661052703857,1.1301113367080688,test,FFNN,enhancers,18
0,0.20866498351097107,0.9430750012397766,0.0,0.0,0.704392671585083,0.12176483869552612,0.0,0.5,1.0,1.0,0.0,0.0,0.0,0.0,0.9430750012397766,0.05692502111196518,0.9430750012397766,0.0,0.05692502111196518,0.0,0.0,0.5,0.0,-0.05692499876022339,0.0,0.9999998807907104,0.9999998807907104,train,tuned_FFNN,enhancers,19
1,0.2103666365146637,0.9430354833602905,0.0,0.0,0.6832776069641113,0.11045058071613312,0.0,0.5,1.0,1.0,0.0,0.0,0.0,0.0,0.9430354833602905,0.05696452409029007,0.9430354833602905,0.0,0.05696452409029007,0.0,0.0,0.5,0.0,-0.05696451663970947,0.0,0.9999998807907104,0.9999998807907104,test,tuned_FFNN,enhancers,19
0,0.1816936731338501,0.943430483341217,0.01006245706230402,0.7250000238418579,0.7857637405395508,0.2645416557788849,0.019849417731165886,0.5049160718917847,0.9997696280479431,0.9899375438690186,0.00023038579092826694,0.08107869327068329,0.0005728055839426816,0.00021727108105551451,0.9428576827049255,0.05635221675038338,0.9436032176017761,0.2750000059604645,0.05639677494764328,0.1314205527305603,0.010024196468293667,0.5049160718917847,0.0854124203324318,0.668603241443634,43.6576042175293,0.9901655316352844,1.0198593139648438,train,FFNN,enhancers,19
1,0.1887936294078827,0.9431934952735901,0.006934812758117914,0.625,0.7607381343841553,0.22864539921283722,0.01371742133051157,0.5033417344093323,0.9997486472129822,0.9930651783943176,0.00025134047609753907,0.061634812504053116,0.0003950383106712252,0.0002370229922235012,0.9427984356880188,0.05656948685646057,0.9433947205543518,0.375,0.056605264544487,0.1599300354719162,0.006906077265739441,0.5033417344093323,0.06583508104085922,0.5683947205543518,27.58033561706543,0.9933147430419922,1.0134568214416504,test,FFNN,enhancers,19
0,0.1967952847480774,0.9430750012397766,0.0,0.0,0.7325584888458252,0.15301227569580078,0.0,0.5,1.0,1.0,0.0,0.0,0.0,0.0,0.9430750012397766,0.05692502111196518,0.9430750012397766,0.0,0.05692502111196518,0.0,0.0,0.5,0.0,-0.05692499876022339,0.0,0.9999998807907104,0.9999998807907104,train,tuned_FFNN,enhancers,20
1,0.1973961591720581,0.9430354833602905,0.0,0.0,0.7295899391174316,0.15453091263771057,0.0,0.5,1.0,1.0,0.0,0.0,0.0,0.0,0.9430354833602905,0.05696452409029007,0.9430354833602905,0.0,0.05696452409029007,0.0,0.0,0.5,0.0,-0.05696451663970947,0.0,0.9999998807907104,0.9999998807907104,test,tuned_FFNN,enhancers,20
0,0.18325825035572052,0.943153977394104,0.002081887563690543,0.75,0.7810667157173157,0.2650124728679657,0.004152249079197645,0.5010200142860413,0.9999580979347229,0.9979181289672852,4.1888324631145224e-05,0.03760446980595589,0.0001185114961117506,3.95038332499098e-05,0.9430354833602905,0.05680650845170021,0.943184494972229,0.25,0.056815486401319504,0.12423331290483475,0.0020804437808692455,0.5010200142860413,0.039514750242233276,0.693184494972229,49.58253479003906,0.9979598522186279,1.004088282585144,train,FFNN,enhancers,20
1,0.18619786202907562,0.9431934952735901,0.002773925196379423,1.0,0.7606022357940674,0.24832786619663239,0.005532503593713045,0.5013869404792786,1.0,0.9972260594367981,0.0,0.05115000531077385,0.0001580153329996392,0.0,0.9430354833602905,0.05680650845170021,0.943184494972229,0.0,0.056815486401319504,0.0,0.002773925196379423,0.5013869404792786,0.05266806483268738,0.943184494972229,27739.251953125,0.9972259402275085,1.0055631399154663,test,FFNN,enhancers,20
0,0.18464912474155426,0.9445761442184448,0.123872309923172,0.5595611333847046,0.7692053318023682,0.2795022130012512,0.2028409093618393,0.5589935183525085,0.9941146969795227,0.8761276602745056,0.005885309539735317,0.24507427215576172,0.007051433902233839,0.00555028859525919,0.937524676322937,0.04987358674407005,0.9494898915290833,0.4404388666152954,0.05051010102033615,0.17896167933940887,0.11286753416061401,0.5589935183525085,0.26327577233314514,0.5090510249137878,21.04735565185547,0.8813143372535706,1.2675402164459229,train,tuned_FFNN,enhancers,21
1,0.19104817509651184,0.9435095191001892,0.10818307846784592,0.5199999809265137,0.7473481297492981,0.24344177544116974,0.17910447716712952,0.5510754585266113,0.9939678311347961,0.8918169140815735,0.006032171659171581,0.21878474950790405,0.006162597797811031,0.005688551813364029,0.9373469352722168,0.05080192908644676,0.9485887885093689,0.47999998927116394,0.051411211490631104,0.19102546572685242,0.09836065769195557,0.5510754585266113,0.23718178272247314,0.46858876943588257,17.934051513671875,0.897229015827179,1.2275457382202148,test,tuned_FFNN,enhancers,21
0,0.18299078941345215,0.9430750012397766,0.0,0.0,0.7842935919761658,0.2637569010257721,0.0,0.5,1.0,1.0,0.0,0.0,0.0,0.0,0.9430750012397766,0.05692502111196518,0.9430750012397766,0.0,0.05692502111196518,0.0,0.0,0.5,0.0,-0.05692499876022339,0.0,0.9999998807907104,0.9999998807907104,train,FFNN,enhancers,21
1,0.1883571892976761,0.9430354833602905,0.0,0.0,0.7548957467079163,0.23827071487903595,0.0,0.5,1.0,1.0,0.0,0.0,0.0,0.0,0.9430354833602905,0.05696452409029007,0.9430354833602905,0.0,0.05696452409029007,0.0,0.0,0.5,0.0,-0.05696451663970947,0.0,0.9999998807907104,0.9999998807907104,test,FFNN,enhancers,21
0,0.2074865847826004,0.9430750012397766,0.0,0.0,0.707793116569519,0.12156564742326736,0.0,0.5,1.0,1.0,0.0,0.0,0.0,0.0,0.9430750012397766,0.05692502111196518,0.9430750012397766,0.0,0.05692502111196518,0.0,0.0,0.5,0.0,-0.05692499876022339,0.0,0.9999998807907104,0.9999998807907104,train,tuned_FFNN,enhancers,22
1,0.20864428579807281,0.9430354833602905,0.0,0.0,0.6960252523422241,0.11528521776199341,0.0,0.5,1.0,1.0,0.0,0.0,0.0,0.0,0.9430354833602905,0.05696452409029007,0.9430354833602905,0.0,0.05696452409029007,0.0,0.0,0.5,0.0,-0.05696451663970947,0.0,0.9999998807907104,0.9999998807907104,test,tuned_FFNN,enhancers,22
0,0.22489432990550995,0.9430750012397766,0.0,0.0,0.5001525282859802,0.05739526078104973,0.0,0.5,1.0,1.0,0.0,0.0,0.0,0.0,0.9430750012397766,0.05692502111196518,0.9430750012397766,0.0,0.05692502111196518,0.0,0.0,0.5,0.0,-0.05692499876022339,0.0,0.9999998807907104,0.9999998807907104,train,FFNN,enhancers,22
1,0.22501549124717712,0.9430354833602905,0.0,0.0,0.4999162256717682,0.05689471587538719,0.0,0.5,1.0,1.0,0.0,0.0,0.0,0.0,0.9430354833602905,0.05696452409029007,0.9430354833602905,0.0,0.05696452409029007,0.0,0.0,0.5,0.0,-0.05696451663970947,0.0,0.9999998807907104,0.9999998807907104,test,FFNN,enhancers,22
0,0.21266019344329834,0.9430750012397766,0.0,0.0,0.6635830402374268,0.09019818902015686,0.0,0.5,1.0,1.0,0.0,0.0,0.0,0.0,0.9430750012397766,0.05692502111196518,0.9430750012397766,0.0,0.05692502111196518,0.0,0.0,0.5,0.0,-0.05692499876022339,0.0,0.9999998807907104,0.9999998807907104,train,tuned_FFNN,enhancers,23
1,0.21283891797065735,0.9430354833602905,0.0,0.0,0.6608161926269531,0.08931531757116318,0.0,0.5,1.0,1.0,0.0,0.0,0.0,0.0,0.9430354833602905,0.05696452409029007,0.9430354833602905,0.0,0.05696452409029007,0.0,0.0,0.5,0.0,-0.05696451663970947,0.0,0.9999998807907104,0.9999998807907104,test,tuned_FFNN,enhancers,23
0,0.20682674646377563,0.9445366263389587,0.08015266805887222,0.5953608155250549,0.692302405834198,0.25231513381004333,0.14128440618515015,0.538432240486145,0.996711790561676,0.919847309589386,0.0032882336527109146,0.2042209506034851,0.00456269271671772,0.003101050853729248,0.9399739503860474,0.05236233025789261,0.947233259677887,0.40463918447494507,0.052766717970371246,0.16842971742153168,0.07601184397935867,0.538432240486145,0.21844851970672607,0.5425940752029419,24.374858856201172,0.9228818416595459,1.1665289402008057,train,FFNN,enhancers,23
1,0.207100048661232,0.9435885548591614,0.06796116381883621,0.5384615659713745,0.7044839859008789,0.2477615922689438,0.12068965286016464,0.5322211980819702,0.9964812397956848,0.9320388436317444,0.003518766723573208,0.17678667604923248,0.003871375462040305,0.003318321891129017,0.939717173576355,0.05309315025806427,0.9465223550796509,0.4615384638309479,0.053477637469768524,0.18536460399627686,0.06422018259763718,0.5322211980819702,0.19129683077335358,0.4849839210510254,19.31336784362793,0.9353299140930176,1.137762427330017,test,FFNN,enhancers,23
0,0.19454196095466614,0.9430750012397766,0.0,0.0,0.7400386929512024,0.16852587461471558,0.0,0.5,1.0,1.0,0.0,0.0,0.0,0.0,0.9430750012397766,0.05692502111196518,0.9430750012397766,0.0,0.05692502111196518,0.0,0.0,0.5,0.0,-0.05692499876022339,0.0,0.9999998807907104,0.9999998807907104,train,tuned_FFNN,enhancers,24
1,0.19469735026359558,0.9430354833602905,0.0,0.0,0.7336726188659668,0.16195067763328552,0.0,0.5,1.0,1.0,0.0,0.0,0.0,0.0,0.9430354833602905,0.05696452409029007,0.9430354833602905,0.0,0.05696452409029007,0.0,0.0,0.5,0.0,-0.05696451663970947,0.0,0.9999998807907104,0.9999998807907104,test,tuned_FFNN,enhancers,24
0,0.1833249032497406,0.943568766117096,0.022900763899087906,0.6168224215507507,0.7752891778945923,0.2721521854400635,0.044161926954984665,0.5110210180282593,0.999141275882721,0.9770992398262024,0.0008587106713093817,0.11120893806219101,0.0013036264572292566,0.0008098285761661828,0.9422651529312134,0.055621396750211716,0.9442607760429382,0.38317757844924927,0.05573919788002968,0.16222773492336273,0.02257954142987728,0.5110210180282593,0.11885160952806473,0.561083197593689,26.665672302246094,0.9779388904571533,1.0450775623321533,train,FFNN,enhancers,24
1,0.1871921867132187,0.9439835548400879,0.02357836253941059,0.7727272510528564,0.7584086656570435,0.25797075033187866,0.04576043039560318,0.5115797519683838,0.9995810985565186,0.9764216542243958,0.00041890080319717526,0.12886250019073486,0.0013431302504613996,0.0003950383106712252,0.9426404237747192,0.055621396750211716,0.9442817568778992,0.22727273404598236,0.05571824312210083,0.11761286854743958,0.023415977135300636,0.5115797519683838,0.13498015701770782,0.7170090079307556,56.27283477783203,0.9768307209014893,1.0474169254302979,test,FFNN,enhancers,24
